Title,Category,"Price(""$"")",7-day sales,Total Sales,Total Reviews,7-day Reviews,Total Favorites,7-day Favorites,Tags,Ship From,Release Time,Best Seller,Etsy Pick,Raving,Store Name,Product URL,Image URL
Square Japanese Hanko Chop Japanese Name Stamp Chinese Name Stamp Custom Wood Stamp Japanese Stationery Chinese Name Seal ,Craft Supplies & Tools,23.99,20,1350,202,3,3492,14,"Square,New Year Gift,Birthday Gift,Graduation Gift,Japanese Stamp,Hanko Chop,Name Stamp,Japanese Stationery,Chinese Stamp,Christmas Gift,Japanese Hanko,Japanese Signature,Japanese Chop,Birthday Gifts,Christmas Gifts,Personalized Gifts,Gifts",United States,2020-07-13,False,False,False,SemliCalligraphy,https://www.etsy.com/listing/838077651/square-japanese-hanko-chop-japanese-name,Upgrade Pro to Unlock
"Customized Round Sandalwood Stamp, Japanese Hanko Chop, Wood Name Seal, Chinese/Korean Name Stamp, English Name Stamp ",Craft Supplies & Tools,20,4,162,64,1,693,8,"Name Stamp,Personalized Stamp,Wood Name Sign,Name Seal,Seal Stamp,Japanese Name Seal,Japanese Name Stamp,Chinese Name,Korean Name Stamp,Japanese Name,Japanese Kanji,Custom Name Stamp,Name Chop,Personalized Gifts",United States,2022-10-11,False,False,False,DancingLionsBar,https://www.etsy.com/listing/1308402150/customized-round-sandalwood-stamp,Upgrade Pro to Unlock
DIY Stone Seal Engraving Set 27 Blank  Carving Chops Carve Personal Name Chops Custom Seal Name Stamp Engraving Kit Carve ,Craft Supplies & Tools,49.99,4,50,11,0,199,0,"Square,Chinese Seal Clamp,Stone Seal,Chinese Name Seal,Chinese Chop,Chinese Stamp,Square Seal,Square Stamp,Chinese Seal,Stone Seal Blank,Stamp Chop,Japanese Chop Blank,Hanko Chop Blank,Personalized Gifts",United States,2019-12-04,False,False,False,SemliCalligraphy,https://www.etsy.com/listing/745219626/diy-stone-seal-engraving-set-27-blank,Upgrade Pro to Unlock
Japanese Hanko Chop Chinese Name Stamp Custom Wood Stamp Japanese Stationery Chinese Name Seal ,Craft Supplies & Tools,23.99,1,182,44,0,555,0,"Christmas Gift,Graduation Gift,Birthday Gift,Hanko,Chinese Seal,Stamp,Japanese Stationery,New Year Gift,Hanko Chop,Japanese Seal,Japanese Stamp,Japanese Signature,Sumi Painting,Birthday Gifts,Christmas Gifts,Gifts for Friends,Personalized Gifts,Gifts",United States,2020-09-08,False,False,False,SemliCalligraphy,https://www.etsy.com/listing/821786102/japanese-hanko-chop-chinese-name-stamp,Upgrade Pro to Unlock
"Customized Square Sandalwood Stamp, Japanese Hanko Chop, Wood Name Seal, Chinese/Korean Name Stamp, English Name Stamp ",Craft Supplies & Tools,25,1,260,72,1,494,4,"Name Stamp,Custom Name Stamp,Personalized Stamp,Wood Name Sign,Name Seal,Seal Stamp,Japanese Name Seal,Japanese Name Stamp,Chinese Name,Korean Name Stamp,Name Chop,Personalized Gifts",United States,2022-07-27,False,False,False,DancingLionsBar,https://www.etsy.com/listing/1275293621/customized-square-sandalwood-stamp,Upgrade Pro to Unlock
Custom Rectangle Japanese Hanko Chop - Japanese Name Stamp - Chinese Name Stamp - Chinese Name Seal - Personalized Wood Japanese Stationery ,Craft Supplies & Tools,45.99,1,30,7,0,77,1,"Japanese Stationery,Name Stamp,Japanese Hanko,Personalized Gift,Japanese Name Stamp,Wooden Stamp,Stamp With Ink,Red Circle Stamp,In Japanese,Hanko Inkan Stamp,Japanese Geek,Studying Japanese,Personalized Gifts,Gifts",United States,2022-01-09,False,False,False,ExoticMerchantCrafts,https://www.etsy.com/listing/1156888525/custom-rectangle-japanese-hanko-chop,Upgrade Pro to Unlock
DIY Stone Seal Engraving Set 16 Blank  Carving Chops Carve Personal Name Chops Custom Seal Name Stamp Engraving Kit Carve ,Craft Supplies & Tools,39.99,1,22,4,0,132,0,"Square,Stone Seal,Chinese Name Seal,Chinese Chop,Chinese Stamp,Stamp Chop,Square Seal,Square Stamp,Chinese Seal,Chinese Seal Clamp,Stone Seal Blank,Japanese Chop Blank,Hanko Chop Blank,Personalized Gifts",United States,2019-07-10,False,False,False,SemliCalligraphy,https://www.etsy.com/listing/706407054/diy-stone-seal-engraving-set-16-blank,Upgrade Pro to Unlock
"Vintage Hanko, Seal of 'JACK', Japanese Signature Seal, red ink block, and leather case, 1940's Airforce Veteran, Unusual GIFT for your JACK ",Craft Supplies & Tools,52,0,0,0,0,0,0,"Craft Supplies & Tools,Stamps & Seals,Stamps,Japanese Signature,Hanko Stamp,Hanko JACK stamp,JACK,Gift for Jack,Personal Gift JACK,for JACK,Air Force JACK,Glass Signature Art",United States,,False,False,False,SwanCottageAntiques,https://www.etsy.com/listing/1304863907/vintage-hanko-seal-of-jack-japanese,Upgrade Pro to Unlock
Japanese Hanko Case 2 built in or 3 built in ,Craft Supplies & Tools,25.11,0,0,0,0,9,0,"Craft Supplies & Tools,Patterns & How To,Patterns & Blueprints,Stamp,Hanko,Case,Tampon,Name Seal",Japan,,False,False,False,1000dou,https://www.etsy.com/listing/705869746/japanese-hanko-case-2-built-in-or-3,Upgrade Pro to Unlock
Nishinomiya Minami High School Commemorative Nambu Tekki Cast Iron Shuniku (朱肉) Red Ink Case For Calligraphy Hanko Chop Seal ,Art & Collectibles > Collectibles,56.41,0,0,0,0,0,0,"Art & Collectibles,Collectibles,epsteam,Nambu Tekki,Made in Japan,shuniku,stamp pad,red ink paste,calligraphy,hanko,inkan,seal,yinni,red stamp,chop",,,False,False,False,PaulsJunkCloset,https://www.etsy.com/listing/896980037/nishinomiya-minami-high-school,
Japanese Custom mane  9mm and 5mm SelfInking Twin Type Rubber Stamp ,Craft Supplies & Tools,46,0,1,0,0,13,0,"Custom Stamp,Chinese characters,Hanko,Japanese Stamp,Selfinking Stamp,Kanji,Katakana,Made to order,Name Seal,Custom Stamps",Japan,2019-04-18,False,False,False,1000dou,https://www.etsy.com/listing/699671409/japanese-custom-mane-9mm-and-5mm,Upgrade Pro to Unlock
Custom Japanese name seal stamp/Miror Gold Titanium HANKO /12mm-18mm ,Craft Supplies & Tools,48.75,0,0,0,0,13,0,"stamp,francobollo,Stempel,timbre,sello,Japanese name seal,birthday,Custom Stamp,Chinese characters,Made to order,Name Seal,Custom Stamps",Japan,,False,False,False,1000dou,https://www.etsy.com/listing/931326634/custom-japanese-name-seal-stampmiror,Upgrade Pro to Unlock
"Brass Chinese Stamp Custom, Chinese Calligraphy Seal, Chinese Name Chop, Metal Name Seal Custom ",Craft Supplies & Tools,39.51,0,0,0,0,34,0,"Chinese Name Stamp,Chinese Name Seal,Chinese Name Chop,Metal Stamp,Name Chop,Hanko,Chinese Stamp,Chinese Chop,Chinese Stamp Custom,Chinese Seal Custom,Name Stamp Custom,Rakkhan Hanko,Custom Chop,Personalized Gifts",United States,,False,False,False,JayLamArt,https://www.etsy.com/listing/1267379506/brass-chinese-stamp-custom-chinese,Upgrade Pro to Unlock
Custom Square Japanese Hanko Chop - Gold Japanese Name Stamp - Chinese Name Stamp - Chinese Name Seal Personalized Brass Japanese Stationery ,Craft Supplies & Tools,46.99,0,2,0,0,3,0,"Japanese Stationery,Name Stamp,Japanese Hanko,Personalized Gift,Stamp With Ink,Japanese Name Stamp,Brass Stamp,Red Circle Stamp,In Japanese,Hanko Inkan Stamp,Japanese Geek,Studying Japanese,Personalized Gifts,Gifts",United States,,False,False,False,ExoticMerchantCrafts,https://www.etsy.com/listing/1226235616/custom-square-japanese-hanko-chop-gold,Upgrade Pro to Unlock
Custom Chinese Name Chop - White Stone Japanese - Personal Asian Stamp Seal - Natural Red Sandal Wood And Brass / Square Seal Script Stamp ,Craft Supplies & Tools,36.99,0,3,0,0,5,0,"Chinese Chop Stamp,Chinese,Chinese Chop Seal,Personal Name Seal,Wooden Seal,Wooden Stamp,Chinese Stamp Seal,Hanko Custom,Oriental Name Stamp,Chop Seal Stamp,Asian Gift Idea,Wood Chop Seal,Custom Wood Seal,Personalized Gifts,Gifts",United States,,False,False,False,ExoticMerchantCrafts,https://www.etsy.com/listing/1064890673/custom-chinese-name-chop-white-stone,Upgrade Pro to Unlock
DIY Red Square Stones for Engraving  Custom Carve Your Own Stone With Your Name Engrave a Logo Or A Design  Stone Stamp Blanks ,Craft Supplies & Tools,26.99,0,4,0,0,14,0,"Square,Stone Seal,Chinese Name Seal,Chinese Chop,Stamp Chop,Square Stamp,Chinese Seal,Chinese Seal Clamp,Stone Seal Blank,Chinese Stamp,Japanese Chop Blank,Hanko Chop Blank,Square Seal,Personalized Gifts",United States,2022-02-04,False,False,False,SemliCalligraphy,https://www.etsy.com/listing/1172867375/diy-red-square-stones-for-engraving,Upgrade Pro to Unlock
Bamboo Shape Brass Stamp/Custom Metal Stamp/ Personal Chinese Name Stamp /Chinese Symbol /Chinese Art Seal for Calligraphy and Sumi Painting ,Craft Supplies & Tools,35.99,0,0,0,0,6,0,"Brass stamp,Chinese seal,signet,Chinese Name Stamp,Metal stamp,Metal seal,custom logo,custom seal stamp,Custom  name stamp,Private seal,private chop,Chinese Art Seal,chinese hanko stamp",China,,False,False,False,SemliCalligraphy,https://www.etsy.com/listing/1403635298/bamboo-shape-brass-stampcustom-metal,Upgrade Pro to Unlock
2 Pieces of Agate Pendant Seal Chinese Seal Cuztomized Stamp Chinese Name Chop Carve Name for Calligraphy Painting Hanko E796 ,Craft Supplies & Tools,30,0,0,0,0,5,0,"Chinese Chop,Chinese Name Chop,Chinese Name Seal,Chinese Name Stamp,Chinese Seal,Chinese Stamp,Custom Chinese Seal,Seal Carving,Chinese Name,Stone Seal,Custom Chinese Chop,Custom Chinese Stamp,Chinese Signature,Gifts for Friends,Gifts for Teachers,Personalized Gifts",United States,,False,False,False,salientstone,https://www.etsy.com/listing/721685110/2-pieces-of-agate-pendant-seal-chinese,Upgrade Pro to Unlock
Custom stamp - Chinese Seal Square Japanese Hanko Chop Japanese Name Stamp Chinese Name Stamp Custom Silver Stamp Japanese Stationery Pixiu ,Craft Supplies & Tools,107.99,0,0,0,0,0,0,"Craft Supplies & Tools,Stamps & Seals,Stamps,customized stamp,japan,japanese stationery,japanese stickers,custom stamp,hanko,stationery,Chinese stamp,Korean Name Stamp,Korean Seal,Unique Wedding Gift,Pixiu,feng shui",United States,,False,False,False,TheOrientalArtisan,https://www.etsy.com/listing/1501065781/custom-stamp-chinese-seal-square,Upgrade Pro to Unlock
Japanese Hanko Chop Chinese Name Stamp Custom Wood OX Horn Stamp Japanese Stationery Chinese Name Seal ,Craft Supplies & Tools,34.99,0,47,8,0,207,0,"Round,Gifts for Friends,Personalized Gifts",United States,2020-10-03,False,False,False,SemliCalligraphy,https://www.etsy.com/listing/800702068/japanese-hanko-chop-chinese-name-stamp,Upgrade Pro to Unlock
Custom Round Japanese Hanko Chop - Chinese Name Seal - Japanese Name Stamp - Chinese Name Stamp -  Personalized Wood Japanese Stationery ,Craft Supplies & Tools,44.99,0,3,0,0,7,0,"Japanese Stationery,Name Stamp,Japanese Hanko,Personalized Gift,Stamp With Ink,Japanese Name Stamp,In Japanese,Wooden Stamp,Red Circle Stamp,Hanko Inkan Stamp,Japanese Geek,Studying Japanese,Personalized Gifts,Gifts",United States,2022-07-28,False,False,False,ExoticMerchantCrafts,https://www.etsy.com/listing/1261577876/custom-round-japanese-hanko-chop-chinese,Upgrade Pro to Unlock
"Tao (The Way) — Original Oriental Seal Hand Carved in Stone, small size chop stamp known in Japan as inkan or hanko ",Art & Collectibles > Sculpture > Art Objects,145,0,0,0,0,35,0,"Red Chinese Stamp,Hand Carved Stone,Chop Stamp,Tao Te Ching,Red Japanese Stamp,Oriental Seal,Japanese Inkan,Hanko Stamp Seal,Stone Seal Japan,Tao the Way,Taoist Seal Stamp,Red Seal Tao,Taoism Gift Japan,Personalized Gifts,Gifts",Hungary,,False,False,False,AnnaVladiArt,https://www.etsy.com/listing/1592711473/tao-the-way-original-oriental-seal-hand,Upgrade Pro to Unlock
Square Japanese Bible Verse Stamp ,Paper & Party Supplies,50,0,0,0,0,19,0,"Japanese Seal,Hanko Stamp,Japanese Name Stamp,Japanese Hanko,Hanko Seal,Japanese Chop,Japanese Name Seal,Custom Stamp,Custom Seal,Name Stamp,Name Seal,Inkan,Japanese Inkan,Gifts for Friends,Personalized Gifts",United States,,False,False,False,AzamiPress,https://www.etsy.com/listing/110959686/square-japanese-bible-verse-stamp,Upgrade Pro to Unlock
"Japanese name stamp, Hanko seal ",Craft Supplies & Tools,24.78,0,0,0,0,19,0,"Japanese Name Stamp,Japanese Stamp,Art Signature,Japanese Souvenirs,Calligraphy Stamp,Name in Japanese,Hanko Seal,Japanese Name Seal,Inkan Hanko,Gyotaku Artist Stamp,Red Circle Stamp,Personalized Hanko,Name Stamp Japan,Personalized Gifts,Gifts",Japan,,False,False,False,JapaneseRubberStamps,https://www.etsy.com/listing/1237150639/japanese-name-stamp-hanko-seal,Upgrade Pro to Unlock
Custom Stone Japanese Hanko Chop - Japanese Name Stamp - Chinese Name Stamp - Chinese Name Seal - Personalized Stone Japanese Stationery ,Craft Supplies & Tools,27.99,0,24,5,0,71,1,"Japanese Hanko Chop,Hanko Seal,Name in Japanese,Japanese Name Stamp,Stone Stamp,Japanese Stationery,Japanese Calligraphy,Hanko Stamp,Japanese Symbol,Square Hanko,Custom Name Chop,Titanium HANKO,Dojo Stamp,Personalized Gifts",United States,2022-06-02,False,False,False,SemliCalligraphy,https://www.etsy.com/listing/1229901100/custom-stone-japanese-hanko-chop,Upgrade Pro to Unlock
"囍 Double Happiness — Original Oriental Seal Hand Carved in Stone, small size chop stamp known in Japan as inkan or hanko ",Art & Collectibles > Sculpture > Art Objects,95,0,0,0,0,8,0,"Red Chinese Stamp,Oriental Seal,Stone Seal Japan,Hand Carved Stone,Good Fortune,Red Japanese Stamp,Japanese Inkan,Hanko Stamp Seal,Anna Vladi Art,Annavladi Shop,Small Miniature,囍 Double Happiness,Marriage Love Couple,Personalized Gifts",Hungary,,False,False,False,AnnaVladiArt,https://www.etsy.com/listing/1376246130/x-double-happiness-original-oriental,Upgrade Pro to Unlock
Young Monk Chinese seal Custom Hanko birthday gift stone stamp by chisel carve Name chop for calligraphy painting E088 ,Craft Supplies & Tools,30,0,1,0,0,12,0,"Chinese Chop,Chinese Name Chop,Chinese Name Seal,Chinese Name Stamp,Chinese Seal,Chinese Stamp,Seal Carving,Chinese Name,Chop Seal,Seal Stamp,Custom Chinese Chop,Custom Chinese Seal,Custom Chinese Stamp,Birthday Gifts,Gifts for Friends,Gifts for Teachers,Personalized Gifts,Gifts",United States,2019-01-30,False,False,False,salientstone,https://www.etsy.com/listing/665177748/young-monk-chinese-seal-custom-hanko,Upgrade Pro to Unlock
Custom Square Japanese Hanko Chop - Green Jade Japanese Name Stamp - Chinese Name Stamp - Name Seal - Personalized Japanese Stone Stationery ,Craft Supplies & Tools,54.99,0,5,0,0,13,0,"Japanese Stationery,Name Stamp,Japanese Hanko,Personalized Gift,Stamp With Ink,Japanese Name Stamp,Wooden Stamp,Red Circle Stamp,In Japanese,Hanko Inkan Stamp,Japanese Geek,Studying Japanese,Personalized Gifts,Gifts",United States,,False,False,False,ExoticMerchantCrafts,https://www.etsy.com/listing/1304024191/custom-square-japanese-hanko-chop-green,Upgrade Pro to Unlock
Custom Square Japanese Hanko Chop - White Japanese Name Stamp - Chinese Name Stamp - Name Seal - Personalized Japanese Stationery ,Craft Supplies & Tools,24.99,0,11,4,0,64,0,"Japanese Stationery,Name Stamp,Japanese Hanko,Personalized Gift,Stamp With Ink,Japanese Name Stamp,Wooden Stamp,Red Circle Stamp,In Japanese,Hanko Inkan Stamp,Japanese Geek,Studying Japanese,Personalized Gifts,Gifts",United States,2022-06-27,False,False,False,ExoticMerchantCrafts,https://www.etsy.com/listing/1258578633/custom-square-japanese-hanko-chop-white,Upgrade Pro to Unlock
Oblong Stone Hanko Chinese Seal Handmade Stone Stamp Chop Chisel Carve Name Calligraphy Painting Book Collection Custom Carving E787 ,Craft Supplies & Tools,25,0,0,0,0,4,0,"Birthday,Enrollment,Graduation,Wedding,Engagement,Square,Book,Collection,Cloth,Name Card,Customized,Birthday Gift,Chinese Name,Birthday Gifts,Gifts for Friends,Gifts for Teachers,Personalized Gifts,Gifts",United States,,False,False,False,salientstone,https://www.etsy.com/listing/735219519/oblong-stone-hanko-chinese-seal-handmade,Upgrade Pro to Unlock
1 pieces of oblong Chinese seal stone stamp chisel carving Carve Name chop for calligraphy painting Yin imprint kanji hanko E174 ,Craft Supplies & Tools,30,0,1,0,0,11,0,"Birthday,Enrollment,Graduation,Wedding,Engagement,Teacher,Colleague,Boss,Classmate,Cloth,Canvas,Name Card,Calligraphy,Birthday Gifts,Gifts for Friends,Gifts for Teachers,Personalized Gifts",United States,,False,False,False,salientstone,https://www.etsy.com/listing/685932963/1-pieces-of-oblong-chinese-seal-stone,Upgrade Pro to Unlock
"Japanese self-inking square stamp (2 sizes, 4 fonts available). Personalized hanko stamp with your name. Inkan style rubber stamp. ",Craft Supplies & Tools,31.03,0,0,0,0,3,0,"Self-inking Stamp,Aikido,Japanese Stamp,Hanko Stamp,Square Stamp,Dojo Stamp,Karate Gift Idea,Japanese Gift,Japanese Seal,Judo Stamp,Personalized Gifts",Japan,,False,False,False,HopetaHanko,https://www.etsy.com/listing/1590267417/japanese-self-inking-square-stamp-2,Upgrade Pro to Unlock
Japanese Hanko Chop / Hanko Seal Engraving / Hanko Stone Seal Stamp / White Square With Tassel / Custom Carved With Your Name In Japanese ,Art & Collectibles,27.95,0,156,31,0,499,0,"Japanese Hanko,Hanko Stamp,Hanko Stones,Hanko Stamp Art,Hanko Seal Engraving,Hanko Seal Carving,Hanko Engraving,Hand Stamped Hanko,Hanko Seal Chops,Japanese Hanko Chop,Hanko Designs,Mizuhiki Hanko,Hanko Seal Stamp,Personalized Gifts",United States,2019-12-24,False,False,False,CalligraphyforGod,https://www.etsy.com/listing/627814134/japanese-hanko-chop-hanko-seal-engraving,Upgrade Pro to Unlock
Japanese Hanko Chop Customized Englis Stamp Chinese Name Stamp Custom Wood Stamp Japanese Stationery Chinese Name Seal Wood Name Seal ,Craft Supplies & Tools,33.99,0,22,11,0,132,1,"Chinese Stamp,Personalized Stamp,Japanese Name Stamp,Brass Stamp,Japanese Hanko Chop,Custom Brass Seal,Chinese Art Seal,Gifts for Friends,Personalized Gifts",United States,2021-07-28,False,False,False,SemliCalligraphy,https://www.etsy.com/listing/1020477086/japanese-hanko-chop-customized-englis,Upgrade Pro to Unlock
Large Square Chinese Seal / 4 X 4 CM / Chinese Name Chop / Custom Chinese Name Engraving / Chinese Seal Stamping / Calligraphy Stamp Seal ,Craft Supplies & Tools,56.95,0,14,4,0,26,0,"Chinese Name Seal,Chinese Name Chop,Chinese Stamp,Calligraphy Stamp,Chinese Seal,Hanko Seal,Large Hanko Seal,Large Square Hanko,White Square Seal,Chinese Name Carving,Calligraphy Seal,Calligraphy Chop,Artist Seal Chop,Personalized Gifts",United States,2019-05-21,False,False,False,CalligraphyforGod,https://www.etsy.com/listing/694087578/large-square-chinese-seal-4-x-4-cm,Upgrade Pro to Unlock
Custom Square Japanese Hanko Chop - Wood Japanese Name Stamp - Chinese Name Stamp - Chinese Name Seal - Personalized Japanese Stationery ,Craft Supplies & Tools,29.99,0,0,0,0,9,0,"Japanese Stationery,Name Stamp,Japanese Hanko,Personalized Gift,Stamp With Ink,Japanese Name Stamp,Studying Japanese,Wooden Stamp,Red Circle Stamp,In Japanese,Hanko Inkan Stamp,Japanese Geek,Personalized Gifts,Gifts",United States,,False,False,False,ExoticMerchantCrafts,https://www.etsy.com/listing/1348374075/custom-square-japanese-hanko-chop-wood,Upgrade Pro to Unlock
Stock Square Japanese Stamp (Power) ,Paper & Party Supplies,45,0,23,0,0,6,0,"Japanese Seal,Hanko Stamp,Japanese Name Stamp,Japanese Hanko,Japanese Chop,Japanese Name Seal,Custom Stamp,Custom Seal,Name Stamp,Name Seal,Inkan,Hanko Seal,Japanese Inkan,Gifts for Friends,Personalized Gifts",United States,2013-06-10,False,False,False,AzamiPress,https://www.etsy.com/listing/153612928/stock-square-japanese-stamp-power,Upgrade Pro to Unlock
Stock Square Japanese Stamp (Love) ,Paper & Party Supplies,45,0,0,0,0,15,0,"Japanese Seal,Hanko Stamp,Japanese Name Stamp,Japanese Hanko,Japanese Chop,Japanese Name Seal,Custom Stamp,Custom Seal,Name Stamp,Name Seal,Inkan,Hanko Seal,Japanese Inkan,Gifts for Friends,Personalized Gifts",United States,2013-06-10,False,False,False,AzamiPress,https://www.etsy.com/listing/153617429/stock-square-japanese-stamp-love,Upgrade Pro to Unlock
Japanese Name Stamp Snopy Hanko 12mmwith Hanko sachet ,Craft Supplies & Tools,38.25,0,0,0,0,9,0,"Stamp,Name Stamp,Japan,Hanko,Japanese Name Stamp,Made to Order,Name Seal,Custom Stamps",Japan,,False,False,False,1000dou,https://www.etsy.com/listing/733686553/japanese-name-stamp-snopy-hanko-12mmwith,Upgrade Pro to Unlock
Custom Round Japanese Stamp ,Paper & Party Supplies,60,0,49,0,0,98,0,"Japanese Seal,Hanko Stamp,Japanese Name Stamp,Japanese Chop,Japanese Name Seal,Custom Stamp,Custom Seal,Name Stamp,Name Seal,Inkan,Japanese Hanko,Hanko Seal,Japanese Inkan,Gifts for Friends,Personalized Gifts",United States,2012-10-02,False,False,False,AzamiPress,https://www.etsy.com/listing/110952325/custom-round-japanese-stamp,Upgrade Pro to Unlock
Custom Japanese name seal stamp/Titanium HANKO /square ,Craft Supplies & Tools,99,0,0,0,0,24,0,"Stamp,Stempel,Timbre,Sello,Japanese Name Seal,Birthday,Custom Stamp,Made to Order,Name Seal,Custom Stamps,Francobollo,Chinese Characters,Personalized Gifts",Japan,2020-02-13,False,False,False,1000dou,https://www.etsy.com/listing/764625030/custom-japanese-name-seal-stamptitanium,Upgrade Pro to Unlock
Square Japanese Bible Verse Stamp with Address ,Paper & Party Supplies,55,0,0,0,0,6,0,"Japanese Seal,Hanko Stamp,Japanese Name Stamp,Japanese Hanko,Hanko Seal,Japanese Chop,Japanese Name Seal,Custom Stamp,Custom Seal,Name Stamp,Name Seal,Inkan,Address Stamp,Gifts for Friends,Personalized Gifts",United States,,False,False,False,AzamiPress,https://www.etsy.com/listing/110960877/square-japanese-bible-verse-stamp-with,Upgrade Pro to Unlock
Circle Hanko Carving Blanks / Round Stone Seal Blanks For Carving / Engrave Your Own Stamp / Set Of 5 Stones For Engraving / DIY Boys' Craft ,Craft Supplies & Tools,17.99,0,5,0,0,17,0,"Round Hanko Seal,Round Hanko Blank,Circle Hanko Blank,Make Name Stamp,Carve Korean Dojang,Boys' Craft Day,Unique Craft Idea,Hands on Craft,Hands on Boys Set,Seal Carving Blanks,Chop Carving Blanks,Stamp Carving Stones,Engraving Stones,Gifts for Boys,Gifts for Friends,Personalized Gifts,Gifts",United States,2019-07-31,False,False,False,CalligraphyforGod,https://www.etsy.com/listing/725371581/circle-hanko-carving-blanks-round-stone,Upgrade Pro to Unlock
Japanese Name Selfinking rubber stamp.(Hanko)Name Seal kanji katakanaJapanese Stationery ,Craft Supplies & Tools,26.25,0,19,5,0,53,0,"Self-ink Stamp,Rubber Stamp,Japanese Stamp,Name STAMP,Present,Custom Stamp,Hanko,Name Seal,Made to Order,Custom Stamps,Kanji Stamp,Selfinking Stamp",Japan,2019-09-03,False,False,False,1000dou,https://www.etsy.com/listing/687274046/japanese-name-selfinking-rubber,Upgrade Pro to Unlock
Vintage Set Of 5 Japanese Blank Marble Stone Seal Stamp Hanko Gago-in ,Craft Supplies & Tools,20.21,0,1,0,0,17,0,"Epsteam,Seal Stamp,Soap Stone,Japanese Hanko,Japanese Seal,Marble Stone,Japanese Vintage,Gago In,Blank Hanko,Blank Stone Seal,Blank Gago In,Blank Chop,Blank Mark,Personalized Gifts",Philippines,,False,False,False,PaulsJunkCloset,https://www.etsy.com/listing/797750091/vintage-set-of-5-japanese-blank-marble,Upgrade Pro to Unlock
DIY White Square Stones for Engraving  Custom Carve Your Own Stone With Your Name Engrave a Logo Or A Design  Stone Stamp Blanks ,Craft Supplies & Tools,29.99,0,0,0,0,26,0,"Square,Chinese Seal Clamp,Stone Seal,Chinese Name Seal,Chinese Chop,Chinese Stamp,Square Seal,Square Stamp,Chinese Seal,Stone Seal Blank,Stamp Chop,Japanese Chop Blank,Hanko Chop Blank,Personalized Gifts",United States,,False,False,False,SemliCalligraphy,https://www.etsy.com/listing/1158894670/diy-white-square-stones-for-engraving,Upgrade Pro to Unlock
Japanese Stamp with Address (Dragon) (Modern) ,Paper & Party Supplies,50,0,1,0,0,13,0,"Japanese Seal,Hanko Stamp,Japanese Name Stamp,Japanese Hanko,Japanese Chop,Japanese Name Seal,Custom Stamp,Custom Seal,Name Stamp,Name Seal,Inkan,Hanko Seal,Japanese Inkan,Gifts for Friends,Personalized Gifts",United States,,False,False,False,AzamiPress,https://www.etsy.com/listing/153620809/japanese-stamp-with-address-dragon,Upgrade Pro to Unlock
1*2*4cm Finished Brass Chinese Seal Buddha and Lotus Metal Stamp Finshed Oblong Chop Hanko E011 ,Craft Supplies & Tools,30,0,0,0,0,3,0,"Chinese Name,Stone Stamp,Enrollment,Graduation,Wedding,Engagement,Calligraphy,Printing,Signature,Book,Mother,Stone Chop,Anti-fake,Gifts for Friends,Gifts for Teachers,Personalized Gifts",United States,,False,False,False,salientstone,https://www.etsy.com/listing/1505728498/124cm-finished-brass-chinese-seal-buddha,Upgrade Pro to Unlock
"2 CM Square / Carved Asian Seal / Oriental Seal / Hanko / Chinese Chop / Red Stone / Stamp Engraving, Personalize With Your Name ",Craft Supplies & Tools,34.95,0,42,8,0,95,0,"Chinese Seal,Stone Carving,Chinese Stamp,Stone Seal,Carved Seal,Chinese Name,Japanese Hanko,Chinese Name Seal,Chinese Name Chop,Chinese Engraving,Seal Engraving,Red Chop,Square Seal Stamp,Personalized Gifts,Gifts",United States,2019-07-30,False,False,False,CalligraphyforGod,https://www.etsy.com/listing/725148095/2-cm-square-carved-asian-seal-oriental,Upgrade Pro to Unlock
Custom Round Japanese Hanko Chop - Black Japanese Name Stamp - Chinese Name Stamp - Chinese Name Seal - Personalized Japanese Stationery ,Craft Supplies & Tools,27.99,0,47,8,0,55,0,"Japanese Stationery,Name Stamp,Japanese Hanko,Personalized Gift,Japanese Name Stamp,Wooden Stamp,Stamp With Ink,Red Circle Stamp,In Japanese,Hanko Inkan Stamp,Japanese Geek,Studying Japanese,Personalized Gifts,Gifts",United States,2022-08-27,False,False,False,ExoticMerchantCrafts,https://www.etsy.com/listing/1279584270/custom-round-japanese-hanko-chop-black,Upgrade Pro to Unlock
Translucent sticker - HANKO SEAL  ,"Paper & Party Supplies > Paper > Stickers, Labels & Tags > Stickers",3,0,22,6,0,57,0,"Stationery,Planner Sticker,Hobonichi Sticker,Mind Wave,Mindwave,Made in Japan,Japanese Sticker,Mind Wave Sticker,Schedule Sticker,Stamping Sticker,Stationery Sticker,Stationery Seal,Ink Sticker,Gifts for Pets",Japan,2022-07-31,False,False,False,SomedaySomeplace,https://www.etsy.com/listing/1263685494/translucent-sticker-hanko-seal,Upgrade Pro to Unlock
Japanese 24K Gold Plated Shuniku (朱肉) Red Ink Paste Case For Calligraphy Hanko Chop Seal ,Art & Collectibles > Collectibles,44.27,0,3,0,0,23,0,"Red Ink Paste,Seal,Yinni,Red Stamp,Stamp Pad,Red Ink Pad,24k Gold Plated,Hanko,Inkan,Chops,Epsteam,Shuniku,Inshō,Personalized Gifts",Philippines,2019-01-21,False,False,False,PaulsJunkCloset,https://www.etsy.com/listing/662835374/japanese-24k-gold-plated-shuniku-zh-rou,Upgrade Pro to Unlock
"Tao and Te   — Set of 2 mini stone seals, hand carved Oriental chop stamps ",Craft Supplies & Tools,145,0,1,0,0,23,0,"Chinese Chop Seal,Carved Stone Stamp,Miniature Stone Seal,Mini Chop,Taoist Gifts,Hand Carved Seals,Japan Name Seal,Chinese Stone Carved,Oriental Philosophy,Japan Inkan,Chinese Hanko,Stone Seal Carving,Lucky Stone Seal,Personalized Gifts,Gifts",Hungary,,False,False,False,AnnaVladiArt,https://www.etsy.com/listing/771092392/tao-and-te-set-of-2-mini-stone-seals,Upgrade Pro to Unlock
"禪 Zen — hand carved Oriental red stone seal, chop stamp, known in Japan as Inkan or Hanko ",Craft Supplies & Tools,145,0,2,0,0,65,0,"Chinese Chop Stamp,Japanese Chop Stamp,Zen Red Stamp,Zen Red Seal,Zen Inkan,Zen Hanko,Zen Chop Stamp,Zen Oriental Seal,Hand Carved Chop,Japanese Red Seal,Chinese Red Seal,Seal for Calligraphy,Seal for Sumi-e,Personalized Gifts",Hungary,,False,False,False,AnnaVladiArt,https://www.etsy.com/listing/854079369/chan-zen-hand-carved-oriental-red-stone,Upgrade Pro to Unlock
CUSTOM NAME STAMP | Korean Name Stamp | Hanko Stamp | Custom Name Seal | Custom Made Seal Set | Personalized Korean Dojang | Japanese Wood ,Craft Supplies & Tools,20.59,0,81,16,0,365,0,"Initial Print,Custom Name Stamp,Birthday Gift,Chinese Seal,Chinese Stamp,Korean Name Stamp,Japanese Name Stamp,Christmas Gifts,Graduation Gifts,Hanko Stamp,Personalized Stamp,Korean Style Dojang,Cute Kids Stamps,Baby Gifts,Gifts for Boys,Gifts for Girls,Birthday Gifts,Christmas Gifts,Gifts for Kids,Personalized Gifts,Gifts",South Korea,2020-08-31,False,False,False,JamielalalaPrint,https://www.etsy.com/listing/849161184/custom-name-stamp-korean-name-stamp,Upgrade Pro to Unlock
Custom Japanese name seal stamp/HANKO KANJI Japanese Stationery ,Craft Supplies & Tools,43.5,0,140,30,0,310,0,"Stamp,Birthday,Custom Stamp,Made to Order,Name Seal,Custom Stamps,Francobollo,Stempel,Timbre,Sello,Japanese Name Seal,Chinese Characters,Personalized Gifts",Japan,2019-11-04,False,False,False,1000dou,https://www.etsy.com/listing/650542874/custom-japanese-name-seal-stamphanko,Upgrade Pro to Unlock
2 Pieces of Agate Pendant Seal Keychain Chinese Seal Cuztomized Stamp Chinese Name Chop Carve Name for Calligraphy Painting Hanko E803 ,Craft Supplies & Tools,36,0,0,0,0,0,0,"Craft Supplies & Tools,Stamps & Seals,Stamps,chinese chop,chinese name chop,chinese name seal,chinese name stamp,chinese seal,chinese stamp,custom chinese chop,custom chinese seal,custom chinese stamp,seal carving,chinese name,chinese signature,stone seal",China,2019-09-16,False,False,False,salientstone,https://www.etsy.com/listing/723208342/2-pieces-of-agate-pendant-seal-keychain,Upgrade Pro to Unlock
DIY White Square Stones for Engraving  Custom Carve Your Own Stone With Your Name Engrave a Logo Or A Design  Stone Stamp Blanks ,Craft Supplies & Tools,29.99,0,3,0,0,20,0,"Craft Supplies & Tools,Stamps & Seals,Seals,Square,Chinese seal clamp,Stone seal,Stone seal blank,Chinese name seal,Chinese chop,Chinese stamp,Stamp chop,Japanese chop blank,Hanko chop blank,Square seal,Square stamp,Chinese seal",United States,,False,False,False,SemliCalligraphy,https://www.etsy.com/listing/1158894670/diy-white-square-stones-for-engraving,Upgrade Pro to Unlock
Japanese Custom Square rubber stamp(Hanko) ,Craft Supplies & Tools,40,0,1,0,0,15,0,"Craft Supplies & Tools,Stamps & Seals,Stamps,Stamp,Hanko,Japanese Name,Name Seal,Custom Stamps,painting,Made to order,calligraphy,Japanese seal",Japan,2019-09-09,False,False,False,1000dou,https://www.etsy.com/listing/721387362/japanese-custom-square-rubber-stamphanko,Upgrade Pro to Unlock
A Piece of Finished Chinese Seal Custom Stone Stamp Chisel Carve Name Signature Chop for Calligraphy Painting Hanko E162 ,Craft Supplies & Tools,28,0,2,0,0,19,0,"Craft Supplies & Tools,Stamps & Seals,Stamps,wedding,new couple,birthday,yellow,stone,teacher,imprint,signature,book,collection,name card,blog,icon",China,,False,False,False,salientstone,https://www.etsy.com/listing/671353046/a-piece-of-finished-chinese-seal-custom,Upgrade Pro to Unlock
A Piece of Chinese Sandalwoode Seal Handmade Carving Stamp Hanko E274 ,Craft Supplies & Tools,30,0,1,0,0,4,0,"Craft Supplies & Tools,Stamps & Seals,Stamps,birthday,enrollment,graduation,wedding,engagement,teacher,colleague,boss,classmate,cloth,canvas,name card,calligraphy",China,2019-03-12,False,False,False,salientstone,https://www.etsy.com/listing/676075682/a-piece-of-chinese-sandalwoode-seal,Upgrade Pro to Unlock
"Pig — hand carved Oriental stone seal, chop stamp, known in Japan as Inkan or Hanko, artistic stamp, birth year stamp ",Craft Supplies & Tools,99,0,0,0,0,2,0,"chinese chop stamp,japanese chop stamp,year of the pig,hand carved chop,japanese red seal,chinese red seal,seal for calligraphy,seal for sumi-e,pig asian art,piggie porky porks,piggy piggyback,funny quirky strange,cute little pig",Hungary,,False,False,False,AnnaVladiArt,https://www.etsy.com/listing/1551383866/pig-hand-carved-oriental-stone-seal-chop,Upgrade Pro to Unlock
Japanese Square Hanko Case  & Ink Pad  21mm 24mm Height 60 mm ,Craft Supplies & Tools,19.57,0,6,0,0,17,0,"Hanko,STAMP,Ink Pad,Chinese characters,Name Seal,Japanese Stamp,Custom Stamps,STAMP CACE",Japan,2021-01-13,False,False,False,1000dou,https://www.etsy.com/listing/927602358/japanese-square-hanko-case-ink-pad-21mm,Upgrade Pro to Unlock
Oval Stone Chinese Seal Stamp Chop Chisel Carve Name Calligraphy Painting Book Collection Custom Carving Kanji Custom Hanko E420 ,Craft Supplies & Tools,25,0,0,0,0,5,0,"chinese name,stone stamp,enrollment,graduation,wedding,engagement,calligraphy,printing,anti-fake,signature,book,mother,stone chop",China,,False,False,False,salientstone,https://www.etsy.com/listing/680396070/oval-stone-chinese-seal-stamp-chop,Upgrade Pro to Unlock
Japanese Calligraphy New Year Rubber Stamp Hanko ,Craft Supplies & Tools,9.66,0,1,0,0,14,0,"Rubber Stamp,Hanko,Epsteam,Japanese Vintage,Seal,Chop,Inkan,Yinni,Calligraphy Stamp,Calligraphy,Yin,New Year Greeting's,印,Personalized Gifts",Philippines,,False,False,False,PaulsJunkCloset,https://www.etsy.com/listing/778096108/japanese-calligraphy-new-year-rubber,Upgrade Pro to Unlock
Circle Hanko Seal / Chinese or Japanese Name Engraving / 1 Inch Diameter / 2.5 CM / Customized / Chop Stamp Seal / Gift Set / Him or Her ,Craft Supplies & Tools,28.95,0,78,14,0,82,0,"Hanko Chop,Japanese Seal,Japanese Name Stamp,Japanese Seal Stamp,Kanji Name Stamp,Japanese Hanko Seal,Japanese Name Chop,Japanese Seal Chop,Japanese Seal Stone,Japanese Kanji Seal,Katakana Chop,Circle Hanko Stamp,Circle Hanko Seal,Personalized Gifts,Gifts",United States,2019-12-22,False,False,False,CalligraphyforGod,https://www.etsy.com/listing/668341132/circle-hanko-seal-chinese-or-japanese,Upgrade Pro to Unlock
Japanese Hanko Chop Japanese Name Stamp Custom Ox Horn Stamp Japanese Stationery Chinese Name Seal ,Craft Supplies & Tools,37.99,0,56,11,0,221,0,"Round,Gifts for Friends,Personalized Gifts",United States,2019-06-13,False,False,False,SemliCalligraphy,https://www.etsy.com/listing/713789401/japanese-hanko-chop-japanese-name-stamp,Upgrade Pro to Unlock
Rubber block to engrave your own seal TE-12-150 ,Craft Supplies & Tools,5.68,0,0,0,0,27,0,"Japanese Stamp,Mini Stamp,Stamp Seal,Custom Seal,Pottery Stamp,Custom Soap Stamp,Shop Logo,Hanko Stamp,Initials Stamp,Custom Stamp Wedding,Wedding Logo,Monogram Stamp,Inkan,Personalized Gifts",French,2021-04-03,False,False,False,Kraftille,https://www.etsy.com/listing/979410726/rubber-block-to-engrave-your-own-seal-te,Upgrade Pro to Unlock
"Brush Sings, Ink Dances — hand carved stone seal (Japanese chop stamp known as inkan or hanko) in traditional style ",Art & Collectibles > Sculpture > Art Objects,190,0,0,0,0,19,0,"Hand Carved Stone,Brush Sing Ink Dance,Seal Stamp Chop,Inkan Hanko Japan,Japanese Oriental,Traditional Black,Artist Calligraphy,Real Genuine Chinese,China Gift Unique,Personal Red Stamp,Rare Curious,Anna Vladi Annavladi,Netsuke Miniature,Personalized Gifts,Gifts",Hungary,,False,False,False,AnnaVladiArt,https://www.etsy.com/listing/1384341861/brush-sings-ink-dances-hand-carved-stone,Upgrade Pro to Unlock
Stock Square Japanese Stamp (Dragon) (Modern) ,Paper & Party Supplies,45,0,23,0,0,9,0,"Japanese Seal,Hanko Stamp,Japanese Name Stamp,Japanese Hanko,Hanko Seal,Japanese Chop,Japanese Name Seal,Custom Stamp,Custom Seal,Name Stamp,Name Seal,Inkan,Japanese Inkan,Gifts for Friends,Personalized Gifts",United States,2013-06-10,False,False,False,AzamiPress,https://www.etsy.com/listing/153618569/stock-square-japanese-stamp-dragon,Upgrade Pro to Unlock
Japanese Stamp with Address (Power) ,Paper & Party Supplies,50,0,26,0,0,11,0,"Japanese Seal,Hanko Stamp,Japanese Name Stamp,Japanese Hanko,Japanese Name Seal,Custom Stamp,Custom Seal,Name Stamp,Name Seal,Inkan,Hanko Seal,Japanese Chop,Japanese Inkan,Gifts for Friends,Personalized Gifts",United States,2013-06-10,False,False,False,AzamiPress,https://www.etsy.com/listing/153620515/japanese-stamp-with-address-power,Upgrade Pro to Unlock
Reproduced the great waves of Kanagawa Prefecture by Katsushika Hokusai ,Craft Supplies & Tools,36.79,0,1,0,0,13,0,"Stamp,Hanko,Japanese Name,Hokusai,Name Seal,Custom Stamps",Japan,2019-09-05,False,False,False,1000dou,https://www.etsy.com/listing/720379496/reproduced-the-great-waves-of-kanagawa,Upgrade Pro to Unlock
"Joy — hand carved Oriental red stone seal, chop stamp, known in Japan as Inkan or Hanko, artistic stamp for paintings and calligraphy ",Craft Supplies & Tools,95,0,0,0,0,9,0,"Chinese Chop Stamp,Japanese Chop Stamp,Hand Carved Chop,Japanese Red Seal,Chinese Red Seal,Seal for Calligraphy,Seal for Sumi-e,Joy Inkan Hanko,Joy Red Stamp,Joy Oriental Seal,Joy Kanji Imprint,Joy Old Script,Joy Asian Art,Personalized Gifts",Hungary,,False,False,False,AnnaVladiArt,https://www.etsy.com/listing/1550092320/joy-hand-carved-oriental-red-stone-seal,Upgrade Pro to Unlock
Tungsten Steel Wood Carving Knife Kit Sculpture Chisel Craft Tools For Seal Engraving Stone Lettering stone carving chisel ,Craft Supplies & Tools,39.99,0,35,5,0,289,0,"Square,Stone Seal,Chinese Name Seal,Chinese Chop,Chinese Stamp,Stamp Chop,Square Seal,Square Stamp,Chinese Seal,Chinese Seal Clamp,Stone Seal Blank,Japanese Chop Blank,Hanko Chop Blank",United States,2019-12-04,False,False,False,SemliCalligraphy,https://www.etsy.com/listing/745223342/tungsten-steel-wood-carving-knife-kit,Upgrade Pro to Unlock
"Digital Hanko (Image only : Japanese name stamp) ROUND shape | Custom Chinese logo, Personalized Japanese signature, Digital Asian seal PNG ",Art & Collectibles > Prints > Digital Prints,9,0,0,9,0,28,0,"E-signature,Electronic Signature,Digital Mock Up,Japanese Stamp,Japanese Name,Japanese Name Stamp,Name in Japanese,Name in Chinese,Japanese Procreate,Digital Hanko,E-hanko,Hangul Name,Asian Seal,Personalized Gifts",United States,2021-10-20,False,False,False,HopetaHanko,https://www.etsy.com/listing/1105319929/digital-hanko-image-only-japanese-name,Upgrade Pro to Unlock
"Two Koi — Original Oriental Seal Hand Carved in Stone, small size chop stamp known in Japan as inkan or hanko ",Art & Collectibles > Sculpture > Art Objects,85,0,0,0,0,3,0,"Stone Seal Japan,Hand Carved Stone,Good Fortune,Red Chinese Stamp,Red Japanese Stamp,Oriental Seal,Japanese Inkan,Hanko Stamp Seal,Anna Vladi Art,Small Miniature,Marriage Love Couple,Two Koi Gift,Carp Fish Present,Personalized Gifts,Gifts",Hungary,,False,False,False,AnnaVladiArt,https://www.etsy.com/listing/1390253377/two-koi-original-oriental-seal-hand,Upgrade Pro to Unlock
Japanese Ink Pad  ,Craft Supplies & Tools,29.9,0,2,0,0,11,0,"Hanko,Stamp,Ink Pad,Name Seal,Calligraphy,Painting,Japanese Calligraphy",Japan,2020-10-09,False,False,False,1000dou,https://www.etsy.com/listing/883941285/japanese-ink-pad-sushi-ink-pad,Upgrade Pro to Unlock
"Custom Ox Horn Stamp,Japanese Hanko Chop,Japanese Name Stamp,Japanese Stationery Chinese Name Seal. ",Craft Supplies & Tools,35.99,0,0,0,0,0,0,"Name Seal,Custom Seal,Personalized Seal,Personal Seal,Personal Name Stamp,Dragon Carving,Chinese Culture,Calligraphy Seal,Painting,Calligraphy Brush,Asian Decor,Brush Set,Stone Seal Stamp,Personalized Gifts,Gifts",United States,2022-10-31,False,False,False,SealCuttingArts,https://www.etsy.com/listing/1322403702/custom-ox-horn-stampjapanese-hanko,Upgrade Pro to Unlock
Custom Japanese name seal stamp/KOKESHI HANKO ,Craft Supplies & Tools,103,0,8,0,0,31,0,"Stamp,Stempel,Sello,Japanese Name Seal,Birthday,Custom Stamp,Chinese Characters,KOKESHI,Made in Japan,Made to Order,Francobollo,Timbre,Personalized Gifts",Japan,2021-07-14,False,False,False,1000dou,https://www.etsy.com/listing/730270309/custom-japanese-name-seal-stampkokeshi,Upgrade Pro to Unlock
DIY White Square Stones for Engraving  Custom Carve Your Own Stone With Your Name Engrave a Logo Or A Design  5 Stone Stamp Blanks ,Craft Supplies & Tools,29.99,0,17,0,0,86,0,"Square,Stone Seal,Chinese Name Seal,Chinese Chop,Chinese Stamp,Square Stamp,Chinese Seal,Chinese Seal Clamp,Stone Seal Blank,Stamp Chop,Japanese Chop Blank,Hanko Chop Blank,Square Seal,Personalized Gifts",United States,,False,False,False,SemliCalligraphy,https://www.etsy.com/listing/718893157/diy-white-square-stones-for-engraving,Upgrade Pro to Unlock
Japanese Hanko Holder Metallic stamp holder ,Craft Supplies & Tools,43,0,0,0,0,0,0,"Hanko,STAMP,Ink Pad,Name Seal,Japanese Stamp,Custom Stamps,STAMP CACE,Chinese Characters",Japan,2023-02-22,False,False,False,1000dou,https://www.etsy.com/listing/1423040609/japanese-hanko-holder-metallic-stamp,Upgrade Pro to Unlock
Rubber block to engrave your own seal TE-18-150 ,Craft Supplies & Tools,5.65,0,43,9,0,51,0,"Japanese Stamp,Mini Stamp,Stamp Seal,Pottery Stamp,Custom Soap Stamp,Shop Logo,Hanko Stamp,Initials Stamp,Custom Stamp Wedding,Wedding Logo,Monogram Stamp,Inkan,Custom Seal,Personalized Gifts",French,2020-06-11,False,False,False,Kraftille,https://www.etsy.com/listing/822778849/rubber-block-to-engrave-your-own-seal-te,Upgrade Pro to Unlock
"Chinese Name Stamp Custom, Hand carved Qinghai Stone Name Chop, Hanji Name Stamp Personalized,Chinese Name Chop Custom ",Craft Supplies & Tools,35.1,0,0,0,0,15,0,"Chinese Stamp,Chinese Chop,Hanko,Chinese Name Stamp,Chinese Name,Chinese Character,Hand Carved,Stone Stamp,Jay Lam,Chinese Seal,Name Stamp Custom,Hanji Stamp,Qinghai Stone,Personalized Gifts",United States,,False,False,False,JayLamArt,https://www.etsy.com/listing/1580613532/chinese-name-stamp-custom-hand-carved,Upgrade Pro to Unlock
"Two Koi Chop Stamp — red Japanese seal in Old Style known as Inkan or Hanko, feng shui art ",Craft Supplies & Tools,95,0,3,0,0,30,0,"Japanese Hanko,Chinese Chop Stamp,Feng Shui Art,Feng Shui Gift,Two Koi Chop,Koi Chop Stamp,Red Japanese Seal,Seal in Old Style,Inkan Chop,Buddhist Stone Seal,Red Oriental Stamp,Stone Carved Seal,Stone Carved Stamp,Personalized Gifts,Gifts",Hungary,,False,False,False,AnnaVladiArt,https://www.etsy.com/listing/854131253/two-koi-chop-stamp-red-japanese-seal-in,Upgrade Pro to Unlock
Engraved Seal Stamp / Ox Horn Carving / 2 X 2 CM Square / Oriental Ox Horn Seal / Chinese Seal and Ink / Custom Engraving / Gift Set ,Craft Supplies & Tools,30.95,0,9,0,0,30,0,"Chinese Name Seal,Chinese Name Chop,Hand Carved Seal,Traditional Chinese,Seal Engraving,Chinese Gift for Men,Engraved Seal Stamp,Chinese Engraving,Custom Seal Engrave,Square Name Chop,Chinese Hanko,Get a Personal Chop,Ox Horn Seal Stamp,Gifts for Boyfriend,Gifts for Dad,Gifts for Husband,Gifts for Him,Personalized Gifts,Gifts",United States,2019-01-09,False,False,False,CalligraphyforGod,https://www.etsy.com/listing/659712218/engraved-seal-stamp-ox-horn-carving-2-x,Upgrade Pro to Unlock
Japanese Hanko Chop Hanko Seal Engraving Chinese Stone Seal Stamp White Square Custom Carved with Your Name in Japanese or Chinese ,Craft Supplies & Tools,25.99,0,162,31,0,430,0,"Square,Personalized Gifts",United States,2020-01-14,False,False,False,SemliCalligraphy,https://www.etsy.com/listing/716453085/japanese-hanko-chop-hanko-seal-engraving,Upgrade Pro to Unlock
Oval Shape Chinese Seal Custom Stone Stamp Chisel Carve Name Chop for Calligraphy Painting Hanko E109 ,Craft Supplies & Tools,28,0,0,0,0,2,0,"Chinese Chop,Chinese Name Chop,Chinese Name Seal,Chinese Name Stamp,Chinese Seal,Chinese Stamp,Seal Carving,Chinese Name,Stone Chop,Custom Chinese Chop,Custom Chinese Seal,Custom Chinese Stamp,Customized Seal,Gifts for Friends,Gifts for Teachers,Personalized Gifts",United States,,False,False,False,salientstone,https://www.etsy.com/listing/681253769/oval-shape-chinese-seal-custom-stone,Upgrade Pro to Unlock
Teaching of Buddha is in All Things — hand carved artistic stone seal in old script ,Craft Supplies & Tools,120,0,0,0,0,3,0,"Buddhism Buddha Art,All Things Stone,Seal Chop Inkan,Hanko Stamp Japan,Japanese China Hand,Carved Red White,Oriental Asian Gift,Calligraphy Old,Style Chinese,Unique Curious,Signature Otaku,Real Handmade,Anna Vladi Art,Personalized Gifts,Gifts",Hungary,,False,False,False,AnnaVladiArt,https://www.etsy.com/listing/1215482054/teaching-of-buddha-is-in-all-things-hand,Upgrade Pro to Unlock
Japanese Stamp Pad ,Craft Supplies & Tools,13,0,0,0,0,5,0,"Hanko,Stamp,Ink Pad,Name Seal",Japan,,False,False,False,1000dou,https://www.etsy.com/listing/777223278/japanese-stamp-pad,Upgrade Pro to Unlock
Vintage Japanese Hand Carved Marble Stone Seal Stamp 雅号印 Gago In With Original Case ,Craft Supplies & Tools,12,0,0,0,0,35,0,"Epsteam,Seal Stamp,Soap Stone,Hand Carving,Chop,Hanko,Mark,Stamp,Seal,Stamp Pad,Gago In,Japanese Vintage,Marble Stamp,Personalized Gifts",Philippines,2019-10-13,False,False,False,PaulsJunkCloset,https://www.etsy.com/listing/744226765/vintage-japanese-hand-carved-marble,Upgrade Pro to Unlock
Custom Round Japanese Hanko Chop - Oval Chinese Name Stamp - Japanese Name Stamp - Chinese Name Seal - Personalized Wood Japanese Stationery ,Craft Supplies & Tools,29.99,0,7,0,0,23,0,"Japanese Stationery,Name Stamp,Personalized Gift,Stamp With Ink,Japanese Name Stamp,Wooden Stamp,Japanese Hanko,In Japanese,Hanko Inkan Stamp,Japanese Geek,Studying Japanese,Red Round Stamp,Personalized Gifts,Gifts",United States,,False,False,False,ExoticMerchantCrafts,https://www.etsy.com/listing/1240670448/custom-round-japanese-hanko-chop-oval,Upgrade Pro to Unlock
1 Piece of Maitreya Buddha MiLeFo Chinese Seal Stone Stamp Chisel Carving Name Chop Customized for calligraphy painting kanji hanko E442 ,Craft Supplies & Tools,30,0,0,0,0,7,0,"Birthday,Enrollment,Graduation,Wedding,Engagement,Square,Round,Rectangle,Book,Collection,Cloth,Canvas,Name Card,Birthday Gifts,Gifts for Friends,Gifts for Teachers,Personalized Gifts",United States,,False,False,False,salientstone,https://www.etsy.com/listing/695454569/1-piece-of-maitreya-buddha-milefo,Upgrade Pro to Unlock
"Tao Te Ching — Highest Excellence Is Like Water — imprint of a large hand-carved stone oriental seal on rice paper, zen meditation art ",Home & Living > Home Decor > Wall Decor > Wall Hangings,14,0,0,4,0,53,0,"Tao Te Ching,Dao De Jing,Stone Carved Seal,Calligraphy Seal,Stone Seal Imprint,Stone Chop,Highest Excellence,Taoist Gift,Zen Meditation Art,Red Japanese Seal,Red Chinese Seal,Red Japanese Hanko,Japanese Inkan Red,Baby Gifts,Gifts for Boyfriend,Gifts for Boys,Gifts for Dad,Gifts for Girlfriend,Gifts for Girls,Gifts for Husband,Gifts for Mom,Gifts for Sister,Gifts for Wife,Anniversary Gifts,Birthday Gifts,Christmas Gifts,Gifts for Couples,Gifts for Friends,Gifts for Her,Gifts for Him,Gifts for Kids,Gifts for Teachers,Housewarming Gifts,Personalized Gifts,Gifts",Hungary,2020-06-17,False,False,False,AnnaVladiArt,https://www.etsy.com/listing/811798262/tao-te-ching-highest-excellence-is-like,Upgrade Pro to Unlock
Calligraphy Painting Red Ink Paste Calligraphy Stamp Round Seal Painting Chinese Yinni Pad for Inkan or Hanko Name Chop. ,Craft Supplies & Tools,29.99,0,0,0,0,7,0,"Calligraphy,Painting,Engraving,Chinese Seal,Chinese Chop,Ink Pad,Cinnabar,Chinese Culture,Custom Seal,Stone Seal Stamp,Dragon Carving,Personal Name Seal,Calligraphy Seal,Personalized Gifts",United States,2023-10-15,False,False,False,SindyJoyiArts,https://www.etsy.com/listing/1588244921/calligraphy-painting-red-ink-paste,Upgrade Pro to Unlock
Japanese Custom Wood rubber stampJapanese Stationery ,Craft Supplies & Tools,13.59,0,0,0,0,10,0,"Stamp,Hanko,Japanese Name,Name Seal,Custom Stamps,Painting,Made to Order,Calligraphy,Japanese Seal,Personalized Gifts",Japan,2019-10-09,False,False,False,1000dou,https://www.etsy.com/listing/743173193/japanese-custom-wood-rubber,Upgrade Pro to Unlock
Japanese Calligraphy 印 Rubber Stamp Hanko ,Craft Supplies & Tools,10.39,0,6,0,0,28,0,"Rubber Stamp,Hanko,Epsteam,Japanese Vintage,Seal,Chop,Inkan,Yinni,Calligraphy Stamp,Calligraphy,Yin,New Year Greeting's,印,Personalized Gifts",Philippines,2017-07-26,False,False,False,PaulsJunkCloset,https://www.etsy.com/listing/546640043/japanese-calligraphy-yin-rubber-stamp,Upgrade Pro to Unlock
"Amazon River - Epoxy Resin Micro Landscape Customized Square Stamp Seal, Thuja Wood Seal, Japanese Hanko Chop ",Craft Supplies & Tools,47,0,7,0,0,37,0,"Name Stamp,Custom Name Stamp,Personalized Stamp,Wood Name Sign,Name Seal,Name Chop,Seal Stamp,Japanese Name Seal,Japanese Name Stamp,Chinese Name,Micro Landscape,Thuja Stamp,Thuja Seal,Personalized Gifts",United States,,False,False,False,DancingLionsBar,https://www.etsy.com/listing/1307318981/amazon-river-epoxy-resin-micro-landscape,Upgrade Pro to Unlock
Oval Shape Seal Chinese seal stone stamp chisel carving carve name chop for calligraphy painting Yin imprint  kanji hanko E277 ,Craft Supplies & Tools,28,0,0,0,0,7,0,"Craft Supplies & Tools,Stamps & Seals,Stamps,birthday,enrollment,graduation,wedding,engagement,colleague,boss,classmate,new couple,parents,book,collection,signature",China,,False,False,False,salientstone,https://www.etsy.com/listing/676081202/oval-shape-seal-chinese-seal-stone-stamp,Upgrade Pro to Unlock
18 mm dia. Boxwood Chinese seal stamp chisel carving Carve Name chop for calligraphy painting Yin imprint hanko character E120 ,Craft Supplies & Tools,30,0,0,0,0,5,0,"Craft Supplies & Tools,Stamps & Seals,Stamps,chinese chop,chinese name chop,chinese name seal,chinese name stamp,chinese seal,chinese stamp,custom chinese chop,custom chinese seal,custom chinese stamp,seal carving,chinese name,stone chop,stone stamp",China,,False,False,False,salientstone,https://www.etsy.com/listing/668357924/18-mm-dia-boxwood-chinese-seal-stamp,Upgrade Pro to Unlock
2 Pieces of Plastic Chinese Seal Handmade Custom Stone Stamp Chisel Carving Carve Name Chop for Calligraphy Painting Kanji Hanko E182 ,Craft Supplies & Tools,36,0,0,0,0,9,0,"Craft Supplies & Tools,Stamps & Seals,Stamps,birthday,enrollment,graduation,wedding,engagement,name card,calligraphy,printing,anti-fake,signature,book,boss,classmate",China,,False,False,False,salientstone,https://www.etsy.com/listing/686227077/2-pieces-of-plastic-chinese-seal,Upgrade Pro to Unlock
Chinese Seal Stamp Chop Chisel Carve Name for Calligraphy Painting Book Collection Custom Carving Kanji Customized Hanko E243 ,Craft Supplies & Tools,30,0,1,0,0,5,0,"Craft Supplies & Tools,Stamps & Seals,Stamps,seal carving,chinese name,stone chop,stone stamp,enrollment,graduation,wedding,engagement,calligraphy,printing,anti-fake,signature,book",China,2019-03-08,False,False,False,salientstone,https://www.etsy.com/listing/675068048/chinese-seal-stamp-chop-chisel-carve,Upgrade Pro to Unlock
"福 (Blessing / Good Fortune) — koi fish shaped hand carved Oriental stone seal, or chop stamp, (known in Japan as Inkan or Hanko) ",Craft Supplies & Tools,190,0,0,0,0,15,0,"Craft Supplies & Tools,Stamps & Seals,Stamps,stone seal,japanese stone chop,inkan hanko,red stamp japan,stone carved hanko,hand carved stone,calligraphy stamp,sumi-e painting chop,koi chop stamp,good luck koi,koi fish stamp,good fortune koi,oriental stamp koi",Hungary,,False,False,False,AnnaVladiArt,https://www.etsy.com/listing/788391057/fu-blessing-good-fortune-koi-fish-shaped,Upgrade Pro to Unlock
Custom stamp - Square Japanese Hanko Chop Japanese Name Stamp Chinese Name Stamp Custom Stone Stamp Japanese Stationery Chinese Name Seal ,Craft Supplies & Tools,35.1,0,3,0,0,9,0,"Craft Supplies & Tools,Stamps & Seals,Stamps,stamps,customized seal,japanese seal,Japanese Hanko Chop,stationary,Chinese seal,Chinese,japanese stationary,hanko,custom stamp,chinese stamps",United States,,False,False,False,XustomizedDesign,https://www.etsy.com/listing/1480725257/custom-stamp-square-japanese-hanko-chop,Upgrade Pro to Unlock
Custom stamp - Japanese Hanko Chop Japanese Name Stamp Chinese Name Stamp Custom Jade Stamp Japanese Stationery Necklace Gift for her ,Craft Supplies & Tools,62.91,0,2,0,0,8,0,"Craft Supplies & Tools,Stamps & Seals,Stamps,customized stamp,japan,japanese stationery,japanese stickers,seal,custom stamp,hanko,hanko stamp,stationery,Chinese stamp,necklace,jade,gift",United States,,False,False,False,XustomizedDesign,https://www.etsy.com/listing/1486758591/custom-stamp-japanese-hanko-chop,Upgrade Pro to Unlock
Stock Square Japanese Stamp (Joy) ,Paper & Party Supplies,45,0,26,0,0,13,0,"Japanese Name Stamp,Japanese Hanko,Custom Stamp,Name Stamp,Inkan,Japanese Seal,Hanko Stamp,Hanko Seal,Japanese Chop,Japanese Name Seal,Custom Seal,Name Seal,Japanese Inkan",United States,2013-06-10,False,False,False,AzamiPress,https://www.etsy.com/listing/153618249/stock-square-japanese-stamp-joy,Upgrade Pro to Unlock
Custom Square Japanese Hanko Chop - Wooden Japanese Name Stamp - Chinese Name Stamp - Chinese Name Seal - Personalized Japanese Stationery ,Craft Supplies & Tools,32.99,0,2,0,0,2,0,"Japanese Stationery,Name Stamp,Japanese Hanko,Personalized Gift,Stamp With Ink,Japanese Name Stamp,In Japanese,Wooden Stamp,Red Circle Stamp,Hanko Inkan Stamp,Japanese Geek,Studying Japanese,Personalized Gifts,Gifts",United States,2023-01-27,False,False,False,ExoticMerchantCrafts,https://www.etsy.com/listing/1388902540/custom-square-japanese-hanko-chop-wooden,Upgrade Pro to Unlock
Japanese Stamp with Address (Dragon) (Traditional) ,Paper & Party Supplies,50,0,0,0,0,3,0,"Japanese Seal,Hanko Stamp,Japanese Name Stamp,Japanese Hanko,Japanese Name Seal,Custom Stamp,Custom Seal,Name Stamp,Name Seal,Inkan,Hanko Seal,Japanese Chop,Japanese Inkan,Gifts for Friends,Personalized Gifts",United States,,False,False,False,AzamiPress,https://www.etsy.com/listing/153620723/japanese-stamp-with-address-dragon,Upgrade Pro to Unlock
Green Cylindar Pendant Chinese Seal Custom Stamp by Chisel Carve Name Chop for Calligraphy Painting Hanko E798 ,Craft Supplies & Tools,24,0,0,0,0,8,0,"Birthday,Graduation,Wedding,Engagement,Book,Collection,Signature,Teacher,Calligraphy,Printing,Name Card,Enrollment,Anti-fake,Birthday Gifts,Gifts for Friends,Gifts for Teachers,Personalized Gifts",United States,,False,False,False,salientstone,https://www.etsy.com/listing/735792861/green-cylindar-pendant-chinese-seal,Upgrade Pro to Unlock
Chinese Seal Handmade Stone Stamp Chop Chisel Carve Name for Calligraphy Painting Book Collection Custom Carving Kanji Customized Hanko E300 ,Craft Supplies & Tools,29,0,1,0,0,5,0,"Chinese Name,Stone Chop,Stone Stamp,Enrollment,Graduation,Wedding,Engagement,Calligraphy,Printing,Signature,Book,Mother,Anti-fake",China,2019-03-14,False,False,False,salientstone,https://www.etsy.com/listing/676649762/chinese-seal-handmade-stone-stamp-chop,Upgrade Pro to Unlock
Oval Stone Chinese Seal Stamp Chop Chisel Carve Name Calligraphy Painting Book Collection Custom Carving Kanji Custom Hanko E475 ,Craft Supplies & Tools,30,0,0,0,0,4,0,"Craft Supplies & Tools,Stamps & Seals,Stamps,chinese name,stone chop,stone stamp,enrollment,graduation,wedding,engagement,calligraphy,printing,anti-fake,signature,book,mother",China,2019-04-11,False,False,False,salientstone,https://www.etsy.com/listing/697892613/oval-stone-chinese-seal-stamp-chop,Upgrade Pro to Unlock
"Hand-Carved Chinese Chop Custom, Name Seal for Painting, Hanji Stamp, Hanko Name Chop, Chinese Stamp Custom ",Craft Supplies & Tools,32.31,0,26,7,0,55,1,"Chinese Chop,Hanko,Chinese Calligraphy,Watercolor,Chinese Seal,Chinese Name Chop,Chinese Painting,Name Chop,Calligraphy Chop,Secondary Stamp,Secondary Chop,Chinese Chop Custom,Kanji Chop,Personalized Gifts",United States,2022-03-12,False,False,False,JayLamArt,https://www.etsy.com/listing/1181335522/hand-carved-chinese-chop-custom-name,Upgrade Pro to Unlock
Custom stamp - Chinese Seal Square Japanese Hanko Chop Japanese Name Stamp Chinese Name Stamp bank stamp Japanese Stationery ,Craft Supplies & Tools,55.99,0,15,5,0,44,1,"Customized Stamp,Japan,Japanese Stationery,Stamp,Japanese Stickers,Seal,Custom Stamp,Hanko,Hanko Stamp,Stationery,Chinese Stamp,Gift,Signature,Gifts for Friends,Personalized Gifts,Gifts",United States,2023-05-21,False,False,False,XustomizedDesign,https://www.etsy.com/listing/1486954179/custom-stamp-chinese-seal-square,Upgrade Pro to Unlock
Customized Japanese hanko calligraphy stamp for signature Chinese painting art Taiwanese seal手工印鉴章篆刻书法闲章 ,Craft Supplies & Tools,33.94,0,0,0,0,29,0,"Chinese Stamp,Hanko,Japanese Stamp,Calligraphy Stamp,Hanko Japanese,Chinese Calligraphy,篆刻,Taiwanese Seal,Zen Stamp,刻印章,手工刻印,印泥印章",French,,False,False,False,6emecreatelier,https://www.etsy.com/listing/1534048122/customized-japanese-hanko-calligraphy,Upgrade Pro to Unlock
Japanese Custom  Round rubber stamp(Hanko) ,Craft Supplies & Tools,39.75,0,0,0,0,9,0,"Stamp,Hanko,Japanese Name,Name Seal,Custom Stamps,Painting,Made to Order,Calligraphy,Japanese Seal,Personalized Gifts",Japan,2019-10-21,False,False,False,1000dou,https://www.etsy.com/listing/746332253/japanese-custom-round-rubber-stamphanko,Upgrade Pro to Unlock
Custom Square Japanese Hanko Chop - Japanese Name Stamp - Chinese Name Stamp - Chinese Name Seal - Personalized Wood Japanese Stationery ,Craft Supplies & Tools,42.99,0,53,9,0,79,0,"Japanese Stationery,Name Stamp,Japanese Hanko,Personalized Gift,Stamp With Ink,Japanese Name Stamp,Wooden Stamp,Red Circle Stamp,In Japanese,Hanko Inkan Stamp,Japanese Geek,Studying Japanese,Personalized Gifts,Gifts",United States,2021-12-23,False,False,False,ExoticMerchantCrafts,https://www.etsy.com/listing/1132803798/custom-square-japanese-hanko-chop,Upgrade Pro to Unlock
Chinese Seal Handmade Resin Stamp Chop Chisel Carve Name for Calligraphy Painting Book Collection Custom Carving Kanji Customized Hanko E437 ,Craft Supplies & Tools,45,0,0,0,0,0,0,"Seal Carving,Chinese Name,Stone Stamp,Enrollment,Graduation,Wedding,Engagement,Calligraphy,Printing,Signature,Book,Stone Chop,Anti-fake,Gifts for Friends,Gifts for Teachers,Personalized Gifts",United States,,False,False,False,salientstone,https://www.etsy.com/listing/681182896/chinese-seal-handmade-resin-stamp-chop,Upgrade Pro to Unlock
Vintage Japan Hanko seals print name characters 1970 ,Craft Supplies & Tools,64,0,10,0,0,31,1,"Japanese Name,Hank Seals,Japan Seal,Japan Hanko",Japan,,False,False,False,JapanVintageAntique,https://www.etsy.com/listing/1359553183/vintage-japanhanko-seals-print-name,Upgrade Pro to Unlock
Chinese ceramic seal Chinaware Handmade stone stamp chisel carving Carve Name chop for calligraphy painting Yin imprint kanji hanko E282 ,Craft Supplies & Tools,32,0,0,0,0,5,0,"Birthday,Enrollment,Graduation,Wedding,Engagement,Teacher,Colleague,Boss,Classmate,Cloth,Canvas,Name Card,Calligraphy,Birthday Gifts,Gifts for Friends,Gifts for Teachers,Personalized Gifts",United States,,False,False,False,salientstone,https://www.etsy.com/listing/676092992/chinese-ceramic-seal-chinaware-handmade,Upgrade Pro to Unlock
Custom Round Japanese Hanko Chop - Japanese Name Stamp - Chinese Name Stamp - Chinese Name Seal - Personalized Wood Japanese Stationery ,Craft Supplies & Tools,29.99,0,143,27,0,324,0,"Japanese Stationery,Name Stamp,Japanese Hanko,Personalized Gift,Stamp With Ink,Japanese Name Stamp,Wooden Stamp,Red Circle Stamp,In Japanese,Hanko Inkan Stamp,Japanese Geek,Studying Japanese,Personalized Gifts,Gifts",United States,2021-08-08,False,False,False,ExoticMerchantCrafts,https://www.etsy.com/listing/1064406835/custom-round-japanese-hanko-chop,Upgrade Pro to Unlock
"Personalized Name Seal wood Seal Cutting,Custom Asian Stamp,Custom Chinese name wood Seal with Your Name,  Name (Kanji )Hanko Chop ",Craft Supplies & Tools,19,0,0,0,0,5,0,"Craft Supplies & Tools,Stamps & Seals,Stamps,Stamp Bag,Custom Asian Stamp,wood Seal,Custom wood Seal,stamp name,Japanese Name Stamp,Chinese wood Seal,HandCrafted  Bag,custom",,,False,False,False,NineColorHAN,https://www.etsy.com/listing/1449717417/personalized-name-seal-wood-seal,
Set of 3 rubber block of different sizes to engrave your own seal TE-18-150 + TE-15-150 + TE-12-150 ,Craft Supplies & Tools,13.62,0,0,0,0,23,0,"Japanese Stamp,Mini Stamp,Stamp Seal,Custom Seal,Pottery Stamp,Custom Soap Stamp,Shop Logo,Hanko Stamp,Initials Stamp,Custom Stamp Wedding,Wedding Logo,Monogram Stamp,Inkan,Personalized Gifts",French,,False,False,False,Kraftille,https://www.etsy.com/listing/993385003/set-of-3-rubber-block-of-different-sizes,Upgrade Pro to Unlock
Stock Square Japanese Stamp (Dragon) (Traditional) ,Paper & Party Supplies,45,0,1,0,0,24,0,"Japanese Seal,Hanko Stamp,Japanese Name Stamp,Japanese Chop,Japanese Name Seal,Custom Stamp,Custom Seal,Name Stamp,Name Seal,Inkan,Japanese Hanko,Hanko Seal,Japanese Inkan,Gifts for Friends,Personalized Gifts",United States,,False,False,False,AzamiPress,https://www.etsy.com/listing/153613050/stock-square-japanese-stamp-dragon,Upgrade Pro to Unlock
Custom Japanese Hanko Chop Round Square - Black Japanese Name Stamp - Chinese Name Stamp - Chinese Name Seal - Personalized Stationery ,Craft Supplies & Tools,27.99,0,23,6,0,84,0,"Japanese Stationery,Name Stamp,Personalized Gift,Stamp With Ink,Japanese Name Stamp,Wooden Stamp,Japanese Hanko,Red Circle Stamp,In Japanese,Hanko Inkan Stamp,Japanese Geek,Studying Japanese,Personalized Gifts,Gifts",United States,2022-10-24,False,False,False,ExoticMerchantCrafts,https://www.etsy.com/listing/1317338268/custom-japanese-hanko-chop-round-square,Upgrade Pro to Unlock
Japanese Stamp with Address (Harmony) ,Paper & Party Supplies,50,0,23,0,0,2,0,"Japanese Seal,Hanko Stamp,Japanese Name Stamp,Japanese Hanko,Hanko Seal,Japanese Chop,Japanese Name Seal,Custom Stamp,Custom Seal,Name Stamp,Name Seal,Inkan,Japanese Inkan,Gifts for Friends,Personalized Gifts",United States,2013-06-10,False,False,False,AzamiPress,https://www.etsy.com/listing/153614758/japanese-stamp-with-address-harmony,Upgrade Pro to Unlock
"龍 - Dragon — hand carved Oriental stone seal, or chop stamp, inkan, hanko / a gift for the Lunar Year of the Dragon ",Craft Supplies & Tools,145,0,0,0,0,17,0,"Stone Stamp,Chinese Seal,Oriental Calligraphy,Asian Art,Japanese Art,Japanese Name Seal,Seal Carving,Way of the Dragon,Year of the Dragon,Chinese Zodiac,Japanese Inkan,Stone Carved Chop,Chinese Engraving,Personalized Gifts,Gifts",Hungary,,False,False,False,AnnaVladiArt,https://www.etsy.com/listing/1592683585/long-dragon-hand-carved-oriental-stone,Upgrade Pro to Unlock
Family Name Stamp Japanese Kanji Hanko Inkan seal ,Craft Supplies & Tools,2,0,29,9,0,19,0,"Beach Flea Market,Kanji Hanko Inkan,Kanji Family Seal,Kanji Family Stamp,Japan Family Seal,Japan Initial Stamp",United States,2023-07-03,False,False,False,BeachFleaMarket,https://www.etsy.com/listing/1501515894/family-name-stamp-japanese-kanji-hanko,Upgrade Pro to Unlock
CUSTOM NAME STAMP | 도장 | Korean Name Stamp | Hanko Stamp | Name Seal | Self-Inking Chop | Custom Made chop | Personalized Korean Dojang ,Craft Supplies & Tools,5.5,0,34,13,0,95,2,"Initial Print,Birthday Gift,Chinese Seal,Chinese Stamp,Korean Name Stamp,Japanese Name Stamp,Christmas Gifts,Hanko Stamp,Dojang,Custom Rubber Stamp,Korean Style Dojang,Korean Learner,Gift for Korean,Birthday Gifts,Christmas Gifts,Gifts for Friends,Personalized Gifts,Gifts",South Korea,2023-05-16,False,False,False,JamielalalaPrint,https://www.etsy.com/listing/1483191203/custom-name-stamp-dojang-korean-name,Upgrade Pro to Unlock
Japanese Stamp with Address (Joy) ,Paper & Party Supplies,50,0,23,0,0,2,0,"Japanese Seal,Hanko Stamp,Japanese Name Stamp,Japanese Hanko,Hanko Seal,Japanese Chop,Japanese Name Seal,Custom Stamp,Custom Seal,Name Stamp,Name Seal,Inkan,Japanese Inkan,Gifts for Friends,Personalized Gifts",United States,2013-06-10,False,False,False,AzamiPress,https://www.etsy.com/listing/153620379/japanese-stamp-with-address-joy,Upgrade Pro to Unlock
Personalized Name Seal Stone Seal Carving Custom Chinese Stone Seal with Your Name Hand Engraved   Japanese Hanko Chop - Japanese Name Stamp ,Craft Supplies & Tools,29,0,5,5,1,60,1,"Stamping,Gift for Him,New Year Gift,Birthday Gift,Graduation Gift,Seals Stamps,Chop Stamp,Engraved Stamps,Private Seals,Custom Chinese Seal,Japanese Seals,Personalized Seals,Gifts for Boyfriend,Gifts for Dad,Gifts for Husband,Birthday Gifts,Gifts for Him,Personalized Gifts,Gifts",United States,2023-01-03,False,False,False,OBDstudio,https://www.etsy.com/listing/1384823765/personalized-name-seal-stone-seal,Upgrade Pro to Unlock
Japanese Stamp with Address (Love) ,Paper & Party Supplies,50,0,0,0,0,0,0,"Japanese Seal,Hanko Stamp,Japanese Name Stamp,Japanese Hanko,Japanese Chop,Japanese Name Seal,Custom Stamp,Custom Seal,Name Stamp,Name Seal,Inkan,Hanko Seal,Japanese Inkan,Gifts for Friends,Personalized Gifts",United States,,False,False,False,AzamiPress,https://www.etsy.com/listing/153620051/japanese-stamp-with-address-love,Upgrade Pro to Unlock
"Buddha On Lotus Throne — hand carved Oriental stone seal (chop stamp, known in Japan as Inkan or Hanko) ",Craft Supplies & Tools,77,0,0,0,0,28,0,"Chop Mark,Seated Buddha,Buddha on Lotus,Zen Art,Red Chinese Seal,Artistic Stamp,Oriental Seal,Red Japanese Seal,Red Korean Seal,Buddhism Artefacts,Red Japanese Inkan,Red Japan Hanko,Calligraphy Seal,Personalized Gifts,Gifts",Hungary,,False,False,False,AnnaVladiArt,https://www.etsy.com/listing/763356477/buddha-on-lotus-throne-hand-carved,Upgrade Pro to Unlock
Japanese New Year's Greetings Rubber Stamp Hanko Stallion Horse ,Craft Supplies & Tools,10.47,0,0,0,0,30,0,"Rubber Stamp,Hanko,Epsteam,Vintage,Year of the Horse,Horse Rubber Stamp,Japanese Vintage,Stamp Pads,Stamp Seal,New Year Greeting's,Rubber Mark,Rubber Chop,Collectors Stamp,Personalized Gifts,Gifts",Philippines,2018-06-06,False,False,False,PaulsJunkCloset,https://www.etsy.com/listing/605259212/japanese-new-years-greetings-rubber,Upgrade Pro to Unlock
Rubber block to engrave your own seal TE-15-150 ,Craft Supplies & Tools,5.68,0,0,0,0,23,0,"Japanese Stamp,Mini Stamp,Stamp Seal,Custom Seal,Pottery Stamp,Custom Soap Stamp,Shop Logo,Hanko Stamp,Initials Stamp,Custom Stamp Wedding,Wedding Logo,Monogram Stamp,Inkan,Personalized Gifts",French,2021-04-03,False,False,False,Kraftille,https://www.etsy.com/listing/993362263/rubber-block-to-engrave-your-own-seal-te,Upgrade Pro to Unlock
"japanese seal box, meiji era inkan box, hanko bako ",Home & Living > Home Decor > Seasonal Decor,182.4,0,0,0,0,14,0,"Antique,Meiji Era,Japanese Box,Japanese,Storage Box,Japanese Interior,Antique Seal Box,Seal Box,Inkan Box,Hanko Bako,Meiji Era Seal Box,Antique Inkan Box,Antique Hanko Bako,Housewarming Gifts,Personalized Gifts,Gifts",Japan,,False,False,False,JapanDownUnder,https://www.etsy.com/listing/1517423416/japanese-seal-box-meiji-era-inkan-box,Upgrade Pro to Unlock
Red Ink Tin for Japanese Stamps ,Craft Supplies & Tools,20,0,120,21,0,234,0,"Japanese Seal,Hanko Stamp,Red Ink,Japanese Name Stamp,Japanese Hanko,Japanese Chop,Ink,Japanese Name Seal,Hanko,Red Ink Pad,Ink Pad,Red Ink Tin,Ink Tin,Gifts for Friends",United States,2020-05-08,False,False,False,AzamiPress,https://www.etsy.com/listing/210297826/red-ink-tin-for-japanese-stamps,Upgrade Pro to Unlock
Japanese Vintage Litho Tin  朱肉 Shuniku Shin Asahi Brand Black Ink Stamp Pad With Wooden Handle Cat Design Rubber Stamp ,Art & Collectibles > Collectibles,10,0,6,0,0,44,0,"Epsteam,Made in Japan,Stamp Pad,Calligraphy,Hanko,Inkan,Seal,Yinni,Red Stamp,Chop,Vintage Japanese,Rubber Stamp,Shuniku,Personalized Gifts",Philippines,,False,False,False,PaulsJunkCloset,https://www.etsy.com/listing/571251972/japanese-vintage-litho-tin-zh-rou,Upgrade Pro to Unlock
"Customized Rectangular African White Horn Seal, Japanese Hanko Chop, Horn Kanji Name Seal, Chinese/Korean/English Name Stamp ",Craft Supplies & Tools,17,0,6,5,1,39,1,"Name Stamp,Custom Name Stamp,Personalized Stamp,Name Seal,Name Chop,Seal Stamp,Japanese Name Seal,Japanese Name Stamp,Chinese Name,Korean Name Stamp,Kanji Name Stamp,White Horn,Personalized Gifts",United States,2022-10-20,False,False,False,DancingLionsBar,https://www.etsy.com/listing/1328681049/customized-rectangular-african-white,Upgrade Pro to Unlock
Japanese Hanko Case & Ink Pad ,Craft Supplies & Tools,9.99,0,90,21,0,269,1,"Stamp Case,Japanese Hanko Case,Seal Case,Chop Case",United States,2022-02-23,False,False,False,SemliCalligraphy,https://www.etsy.com/listing/1170471780/japanese-hanko-case-ink-pad,Upgrade Pro to Unlock
Custom Round Japanese Hanko Chop Cute Acorn Design Stamp Japanese Chinese English Name Stamp Wood Stamp Japanese Stationery ,Craft Supplies & Tools,29.99,0,22,4,0,86,0,"Chinese Seal,Japanese Name,Name Stamp,Cute Stamp,Signature Stamp,Business Stamp,Japanese Stationery,Wood Stamp,Hanko Chop,Roud Name Stamp,Private Seal,Japanese Hanko Chop,Gifts for Boys,Gifts for Girls,Gifts for Kids,Personalized Gifts",United States,2022-11-04,False,False,False,SemliCalligraphy,https://www.etsy.com/listing/1325374432/custom-round-japanese-hanko-chop-cute,Upgrade Pro to Unlock
Mahjong Custom Name Stamp | Handmade gift item for mahjong player | Chinese New Year 2022 Unique Gift ,Craft Supplies & Tools,27.16,0,1,0,0,56,0,"Custom Name Stamp,Japanese Character,Hanko Stamp,Chinese New Year,Chinese Words Stamp,Mahjong Name Stamp,Chinese Mahjong Gift,Mahjong Merchandise,Handmade Name Stamp,Handcrafted Name,Personalised Seal,Mahjong Gifts Idea,Mahjong Player Gifts,Personalized Gifts,Gifts",Singapore,2021-12-26,False,False,False,WestsidePrints,https://www.etsy.com/listing/1148183703/mahjong-custom-name-stamp-handmade-gift,Upgrade Pro to Unlock
"Customized Round Photosensitive Stamp, Color Ink Stamp, Japanese Hanko Chop, Photosensitive Name Seal, Chinese/English Name Stamp ",Craft Supplies & Tools,17,0,24,7,0,33,0,"Name Stamp,Custom Name Stamp,Personalized Stamp,Photosensitive Stamp,Name Seal,Color Stamp,Name Chop,Seal Stamp,Japanese Name Seal,Japanese Name Stamp,Korean Name Stamp,Photosensitive Seal,Color Name Seal,Personalized Gifts",United States,2023-02-28,False,False,False,DancingLionsBar,https://www.etsy.com/listing/1413543684/customized-round-photosensitive-stamp,Upgrade Pro to Unlock
Japanese Hanko Seal Stamp / Unique Japanese Gift Idea / Custom Hanko Stamp Designs / Hanko Name Carving / Kanji Seal Carving / Asian Gifts ,Craft Supplies & Tools,32.95,0,52,10,0,195,0,"Hanko Stamp,Hanko Chop,Japanese Hanko Seal,Custom Hanko,Hanko Seal,Hand Stamped Hanko,Japanese Hanko Chop,Hanko Seal Chops,Hanko Seal Stamp,Hanko Stamp Japanese,Square Hanko,Japanese Gift Idea,Unique Japanese Gift,Personalized Gifts,Gifts",United States,2019-04-18,False,False,False,CalligraphyforGod,https://www.etsy.com/listing/699718397/japanese-hanko-seal-stamp-unique,Upgrade Pro to Unlock
Chinese Circle Name Seal / Circle Hanko Chop Stamp / Seal Script Engraving / 2 X 2 X 5 CM / Chinese Gift Idea ,Craft Supplies & Tools,27.95,0,101,20,0,78,0,"Japanese Name Stamp,Japanese Seal Stamp,Kanji Name Stamp,Japanese Hanko Seal,Chinese Name Seal,Chinese Name Chop,Chinese Name Stamp,Chinese Stamp Seal,Japanese Name Chop,Circle Hanko Stamp,Chinese Circle Seal,Chinese Circle Chop,Chinese Seal Chop,Personalized Gifts,Gifts",United States,2020-06-15,False,False,False,CalligraphyforGod,https://www.etsy.com/listing/777780636/chinese-circle-name-seal-circle-hanko,Upgrade Pro to Unlock
Custom Square Japanese Hanko Chop - Japanese Name Stamp - Chinese Name Stamp - Chinese Name Seal - Personalized Stone Japanese Stationery ,Craft Supplies & Tools,23.99,0,71,16,0,78,1,"Japanese Stationery,Name Stamp,Japanese Hanko,Personalized Gift,Japanese Name Stamp,Wooden Stamp,Stamp With Ink,Red Circle Stamp,In Japanese,Hanko Inkan Stamp,Japanese Geek,Studying Japanese,Personalized Gifts,Gifts",United States,2022-08-27,False,False,False,ExoticMerchantCrafts,https://www.etsy.com/listing/1293618625/custom-square-japanese-hanko-chop,Upgrade Pro to Unlock
Custom Japanese name seal stamp/HANKO KANJI/Hanko OnlyJapanese Stationery ,Craft Supplies & Tools,22.5,0,194,52,0,728,1,"Stamp,Birthday,Made to Order,Name Seal,Custom Stamps,Francobollo,Stempel,Timbre,Sello,Japanese Name Seal,Chinese Characters,Japanese Kanji,Personalized Gifts",Japan,2020-01-19,False,False,False,1000dou,https://www.etsy.com/listing/738772594/custom-japanese-name-seal-stamphanko,Upgrade Pro to Unlock
DIY Red Square Stones for Engraving  Custom Carve Your Own Stone With Your Name Engrave a Logo Or A Design  10 Stone Stamp Blanks ,Craft Supplies & Tools,36.99,0,0,0,0,32,0,"Square,Chinese Stamp,Chinese Seal,Chinese Seal Clamp,Stone Seal,Stone Seal Blank,Chinese Name Seal,Chinese Chop,Stamp Chop,Japanese Chop Blank,Hanko Chop Blank,Square Seal,Square Stamp,Personalized Gifts",United States,2019-07-04,False,False,False,SemliCalligraphy,https://www.etsy.com/listing/718891085/diy-red-square-stones-for-engraving,Upgrade Pro to Unlock
"文心如水 Heart of Poetry is Like Water — hand carved Oriental stone seal, or chop stamp, (inkan or hanko), artistic and philosophical ",Art & Collectibles > Sculpture > Art Objects,480,0,0,0,0,30,0,"Chinese Lion,Oriental Seal,Small Sculpture,Chop Mark,Red Japanese Seal,Red Chinese Seal,Red Japanese Inkan,Red Japan Hanko,Artistic Stamp,Calligraphy Seal,Heart of Art,Tao Te Water Quote,Oriental Imprint,Personalized Gifts,Gifts",Hungary,,False,False,False,AnnaVladiArt,https://www.etsy.com/listing/794264574/wen-xn-ru-shu-heart-of-poetry-is-like,Upgrade Pro to Unlock
"Custom Acorn Design Black Walnut Round Stamp, Cute Acorn Hanging, Round Japanese Hanko Chop, Wood Name Seal, Chinese/English Name Stamp ",Craft Supplies & Tools,30,0,40,10,0,223,2,"Name Stamp,Custom Name Stamp,Personalized Stamp,Wood Name Sign,Japanese Name Stamp,Wooden Stamp,Name Seal,Name Chop,Seal Stamp,Japanese Name Seal,Chinese Name,Japanese Hanko,Acorn Stamp,Baby Gifts,Gifts for Boys,Gifts for Girls,Gifts for Kids,Personalized Gifts",United States,2022-09-05,False,False,False,DancingLionsBar,https://www.etsy.com/listing/1299536419/custom-acorn-design-black-walnut-round,Upgrade Pro to Unlock
1*2*4cm Finished Brass Chinese Seal Plum Blossom Vace and Teapot Metal Stamp Finshed Oblong Chop Hanko E025 ,Craft Supplies & Tools,30,0,0,0,0,2,0,"Craft Supplies & Tools,Stamps & Seals,Stamps,chinese name,stone chop,stone stamp,enrollment,graduation,wedding,engagement,calligraphy,printing,anti-fake,signature,book,mother",China,,False,False,False,salientstone,https://www.etsy.com/listing/1533319255/124cm-finished-brass-chinese-seal-plum,Upgrade Pro to Unlock
Custom Square Japanese Hanko Chop - Japanese Name Stamp - Chinese Name Stamp - Chinese Name Seal - Personalized Wood Japanese Stationery ,Craft Supplies & Tools,34.99,0,21,0,0,50,0,"Japanese Stationery,Name Stamp,Japanese Hanko,Personalized Gift,Stamp With Ink,Japanese Name Stamp,Wooden Stamp,Red Circle Stamp,In Japanese,Hanko Inkan Stamp,Japanese Geek,Studying Japanese,Personalized Gifts,Gifts",United States,2021-08-08,False,False,False,ExoticMerchantCrafts,https://www.etsy.com/listing/1050454164/custom-square-japanese-hanko-chop,Upgrade Pro to Unlock
"Square hanko (Custom Japan stamp). Dojo stamp, teacher's stamp, karate gift, Japanese martial arts, Japanese gift, judo, aikido, inkan chop ",Craft Supplies & Tools,32,0,0,37,0,256,0,"Hanko Stamp,Square Stamp,Karate Gift,Japanese Gift,Judo Gift,Aikido,Chinese Chop,Square Seal,Chinese Seal,Custom Japan Stamp,Dojo Stamp,Japan Martial Arts,Square Inkan,Gifts for Teachers,Personalized Gifts,Gifts",Japan,2020-01-05,False,False,False,HopetaHanko,https://www.etsy.com/listing/497785389/square-hanko-custom-japan-stamp-dojo,Upgrade Pro to Unlock
Stock Square Japanese Stamp (Harmony) ,Paper & Party Supplies,45,0,0,0,0,9,0,"Japanese Seal,Hanko Stamp,Japanese Name Stamp,Japanese Hanko,Hanko Seal,Japanese Chop,Japanese Name Seal,Custom Stamp,Custom Seal,Name Stamp,Name Seal,Inkan,Japanese Inkan,Gifts for Friends,Personalized Gifts",United States,,False,False,False,AzamiPress,https://www.etsy.com/listing/153612540/stock-square-japanese-stamp-harmony,Upgrade Pro to Unlock
1*2*4cm Brass Chinese Seal Metal Stamp Finshed Oblong Chop Hanko E001 ,Craft Supplies & Tools,30,0,0,0,0,0,0,"Chinese Name,Stone Chop,Enrollment,Graduation,Wedding,Engagement,Calligraphy,Printing,Signature,Book,Mother,Stone Stamp,Anti-fake,Gifts for Friends,Gifts for Teachers,Personalized Gifts",United States,2023-07-03,False,False,False,salientstone,https://www.etsy.com/listing/1516005973/124cm-brass-chinese-seal-metal-stamp,Upgrade Pro to Unlock
Custom Round Japanese Stamp with Address ,Paper & Party Supplies,65,0,0,0,0,21,0,"Japanese Seal,Hanko Stamp,Japanese Name Stamp,Japanese Hanko,Japanese Chop,Japanese Name Seal,Custom Stamp,Custom Seal,Name Stamp,Name Seal,Inkan,Address Stamp,Hanko Seal,Gifts for Friends,Personalized Gifts",United States,2012-10-02,False,False,False,AzamiPress,https://www.etsy.com/listing/110955971/custom-round-japanese-stamp-with-address,Upgrade Pro to Unlock
"Digital Hanko (Image only : Japanese name stamp) SQUARE shape | Personalized Japanese logo, Custom Chinese name, Digital kanji signature ",Art & Collectibles > Prints > Digital Prints,9,0,0,12,0,57,0,"Digital Japanese,Japan Stamp,Japanese Seal,Japanese Hanko,Japanese Chop,Chinese Name Stamp,Dojang,Asian Stamp,Digital Kanji,Digital Chinese,Stamp in Japanese,Square Kanji,Square Name Stamp,Personalized Gifts",United States,2021-10-20,False,False,False,HopetaHanko,https://www.etsy.com/listing/1091426724/digital-hanko-image-only-japanese-name,Upgrade Pro to Unlock
Japanese Name Stamp Hanko Saika 21mm-24mm kanji stampJapanese Stationery ,Craft Supplies & Tools,53.25,0,0,9,0,84,0,"Present,Wood Stamp,Wood,Japanese Name Seal,Hanko,Inkan,Chinese Characters,Kanji,Katakana,Custom Stamp,Japanese Stamp,Made to Order",Japan,2018-11-06,False,False,False,1000dou,https://www.etsy.com/listing/656680057/japanese-name-stamp-hanko-saika-21mm,Upgrade Pro to Unlock
1*2*4cm Brass Chinese Seal Phenix Metal Stamp Finshed Oblong Chop Hanko E002 ,Craft Supplies & Tools,30,0,0,0,0,0,0,"Craft Supplies & Tools,Stamps & Seals,Stamps,chinese name,stone chop,stone stamp,enrollment,graduation,wedding,engagement,calligraphy,printing,anti-fake,signature,book,mother",China,,False,False,False,salientstone,https://www.etsy.com/listing/1518379839/124cm-brass-chinese-seal-phenix-metal,Upgrade Pro to Unlock
Old Japanese Traditional Hanko Inkan Insho Seal In An Ornate Leather Safety Case With Ink Pad ,Craft Supplies & Tools,37.84,0,0,0,0,3,0,"Hanko,Inkan,Chop,Stamp Pad,Calligraphy Stamp,Japanese Calligraphy,Japanese Vintage,Epsteam,Red Stamp Yinni,Shuniku,Red Ink Past,Insho,Red Ink Case,Personalized Gifts",Philippines,,False,False,False,PaulsJunkCloset,https://www.etsy.com/listing/1581433752/old-japanese-traditional-hanko-inkan,Upgrade Pro to Unlock
Custom stamp - Chinese Seal Square Japanese Hanko Chop Japanese Name Stamp Chinese Name Stamp Custom Silver Stamp Japanese Stationery Pixiu ,Craft Supplies & Tools,59.99,0,0,0,0,5,0,"customized stamp,japan,japanese stationery,japanese stickers,seal,custom stamp,hanko,stationery,Chinese stamp,Korean Name Stamp,Korean Seal,Unique Wedding Gift,Auspicious Cloud",United States,,False,False,False,TheOrientalArtisan,https://www.etsy.com/listing/1501082375/custom-stamp-chinese-seal-square,Upgrade Pro to Unlock
Chinese calligraphy picture stamp hanko japanese asian art seal 書畫姓名印泥印章手工刻製 ,Craft Supplies & Tools,14.36,0,0,0,0,4,0,"chinese stamp,hanko,japanese stamp,calligraphy stamp,hanko japanese,chinese calligraphy,asian stamp,signature stamp,korean stamp,Taiwanese seal,seal phrase,zen stamp",,,False,False,False,6emecreatelier,https://www.etsy.com/listing/1548223095/chinese-calligraphy-picture-stamp-hanko,
"2 CM Square / Carved Asian Seal / Oriental Seal / Hanko / Chinese Chop / Red Stone / Stamp Engraving, Personalize With Your Name ",Craft Supplies & Tools,30.55,0,0,8,0,94,0,"Chinese Seal,Stone Carving,Chinese Stamp,Stone Seal,Seal Engraving,Carved Seal,Chinese Name,Japanese Hanko,Chinese Name Seal,Chinese Name Chop,Chinese Engraving,Red Chop,Square Seal Stamp,Personalized Gifts,Gifts",United States,2019-07-30,False,False,False,CalligraphyforGod,https://www.etsy.com/listing/725148095/2-cm-square-carved-asian-seal-oriental,Upgrade Pro to Unlock
"Hand -Carved Rough Stone Stamp Custom, Chinese Seal Script Name Chop Custom, Chinese Stamp for Art Signature ",Craft Supplies & Tools,44,0,0,0,0,0,0,"Chinese Chop,Chinese Stamp,Chinese Seal,Chinese Name Chop,Name Stamp,Hand Carved,Chinese Art,Chinese Calligraphy,Chinese Name Custom,Hanko Stone,Name Stamp Custom,Chinese Seal Custom,Name Chop,Personalized Gifts",United States,,False,False,False,JayLamArt,https://www.etsy.com/listing/1620052238/hand-carved-rough-stone-stamp-custom,Upgrade Pro to Unlock
Traditional Red Cinnabar Seal Paste 30g ,Art & Collectibles > Sculpture > Art Objects,25,0,0,0,0,0,0,"Craftsmanship,Jade Seal,Seal Stamp,Hanko,Spiritual,Chinese Art,Traditional,Ink Painting,Stamp,Jade,Chinese,Collectiable,Chinese Caligraphy",United States,,False,False,False,HumbleAuthentic,https://www.etsy.com/listing/1679415650/traditional-red-cinnabar-seal-paste-30g,Upgrade Pro to Unlock
Japanese Name Stamp Square Hanko21mm-24mmJapanese Stationery ,Craft Supplies & Tools,21.83,0,0,12,0,81,0,"Present,Wood Stamp,Wood,Japanese Name Seal,Hanko,Inkan,Chinese Characters,Kanji,Katakana,Custom Stamp,Japanese Stamp,Made to Order",Japan,2019-06-26,False,False,False,Pimpmychair,https://www.etsy.com/listing/703114046/japanese-name-stamp-square-hanko21mm,Upgrade Pro to Unlock
Custom Square Japanese Hanko Chop - Green Chinese Name Stamp - Japanese Name Stamp - Chinese Name Seal Personalized Wood Japanese Stationery ,Craft Supplies & Tools,27.99,0,0,0,0,2,0,"Japanese Stationery,Name Stamp,Japanese Hanko,Personalized Gift,Stamp With Ink,Japanese Name Stamp,Wooden Stamp,In Japanese,Hanko Inkan Stamp,Japanese Geek,Studying Japanese,Red Square Stamp,Personalized Gifts,Gifts",United States,,False,False,False,ExoticMerchantCrafts,https://www.etsy.com/listing/1240112498/custom-square-japanese-hanko-chop-green,Upgrade Pro to Unlock
Japanese Kamon stamp Hanko wax seal No1Japanese Stationery ,Craft Supplies & Tools,0.75,0,0,0,0,2,0,"Lion Gift,Lion Ring,Roaring Lion,African,Biker Ring,Leo,Lion,Ring,Great Gatsbys,Vintage,Harry Styles,Ring for Him Her,Pinkie Pinky Ring,Gifts for Boyfriend,Gifts for Dad,Gifts for Girlfriend,Gifts for Girls,Gifts for Husband,Gifts for Mom,Gifts for Sister,Gifts for Wife,Anniversary Gifts,Birthday Gifts,Christmas Gifts,Gifts for Her,Gifts for Him,Housewarming Gifts,Personalized Gifts,Gifts",Japan,,False,False,False,1000dou,https://www.etsy.com/listing/1643993760/japanese-kamon-stamp-hanko-wax-seal,Upgrade Pro to Unlock
"Japanese name stamp, customized KANJI stamp, small round stamp: Chinese character stamp, Japanese calligraphy, kanji name, Chinese name, red ",Craft Supplies & Tools,24,0,0,50,0,300,0,"Japanese Name Stamp,Japanese Calligraphy,Japanese Stamp,Customized Kanji,Kanji Stamp,Small Round Stamp,Chinese Character,Kanji Name,Chinese Name,Hanko Japan,Kanji Gift,Japanese Seal,Name in Kanji,Personalized Gifts,Gifts",Japan,2016-05-25,False,False,False,HopetaHanko,https://www.etsy.com/listing/295169363/japanese-name-stamp-customized-kanji,Upgrade Pro to Unlock
Round Cylindrical Yellow Metal Brass Chinese Seal Customized Name Chop Stamp Copper Hanko E829 ,Craft Supplies & Tools,30,0,0,0,0,17,0,"Craft Supplies & Tools,Stamps & Seals,Stamps,chinese chop,chinese name chop,chinese name seal,chinese name stamp,chinese seal,chinese stamp,custom chinese chop,custom chinese seal,custom chinese stamp,seal carving,chinese name,chinese seal stone,stone seal",United States,,False,False,False,salientstone,https://www.etsy.com/listing/762677055/round-cylindrical-yellow-metal-brass,Upgrade Pro to Unlock
Japanese Traditional Hanko Inkan Insho Seal In An Ornate Leather Safety Case With Ink Pad ,Craft Supplies & Tools,47.3,0,0,0,0,4,0,"Hanko,Inkan,Chop,Stamp Pad,Calligraphy Stamp,Japanese Calligraphy,Japanese Vintage,Epsteam,Red Stamp Yinni,Shuniku,Red Ink Past,Insho,Red Ink Case,Personalized Gifts",Philippines,,False,False,False,Pimpmychair,https://www.etsy.com/listing/1591819553/japanese-traditional-hanko-inkan-insho,Upgrade Pro to Unlock
Custom Square Japanese Hanko Chop - Green Personalized Chinese Name Stamp - Japanese Name Stamp - Chinese Name Seal Wood Japanese Stationery ,Craft Supplies & Tools,19.98,0,7,0,0,17,0,"Japanese Stationery,Name Stamp,Japanese Hanko,Personalized Gift,Stamp With Ink,Japanese Name Stamp,In Japanese,Wooden Stamp,Hanko Inkan Stamp,Japanese Geek,Studying Japanese,Red Square Stamp,Personalized Gifts,Gifts",United States,,False,False,False,ExoticMerchantCrafts,https://www.etsy.com/listing/1240661216/custom-square-japanese-hanko-chop-green,Upgrade Pro to Unlock
Personalized Digital Hanko/Seal (Image Only) | High Resolution Custom Chinese/Japanese/Korean Name Stamp ,Art & Collectibles > Prints > Digital Prints,9.99,0,0,0,0,8,0,"digital hanko,Japanese name stamp,signature design,unique gift,custom chinese name,name translation,printing,name,japan,digital signature,print,gift,personalized hanko",United States,,False,False,False,TheOrientalArtisan,https://www.etsy.com/listing/1519603126/personalized-digital-hankoseal-image,Upgrade Pro to Unlock
"Gyotaku hanko, Japanese name stamp, Calligraphy stamp, Father's day gift ",Craft Supplies & Tools,24.36,0,86,23,0,248,0,"Japanese Name Stamp,Calligraphy Stamp,Japanese Hanko,Art Signature Stamp,Signature Seal,Japanese Stamp,Artist Signature,Custom Name Stamp,Suminagashi,Gyotaku Hanko,Gyotaku Stamp,Red Square Stamp,Ukiyoe Artist Sign,Gifts for Friends,Personalized Gifts,Gifts",Japan,2019-06-17,False,False,False,JapaneseRubberStamps,https://www.etsy.com/listing/714680025/gyotaku-hanko-japanese-name-stamp,Upgrade Pro to Unlock
Custom Square Japanese Stamp ,Paper & Party Supplies,60,0,0,37,0,376,0,"Japanese Seal,Hanko Stamp,Japanese Name Stamp,Japanese Hanko,Hanko Seal,Japanese Chop,Japanese Name Seal,Custom Stamp,Custom Seal,Name Stamp,Name Seal,Inkan,Japanese Inkan,Gifts for Friends,Personalized Gifts",United States,2012-10-02,False,False,False,AzamiPress,https://www.etsy.com/listing/110950517/custom-square-japanese-stamp,Upgrade Pro to Unlock
"Tao Te Ching: 'Wears Haircloth On Top, But Carries Jade Underneath His Dress' — hand carved Oriental stone seal, or chop stamp, inkan, hanko ",Craft Supplies & Tools,130,0,0,0,0,15,0,"Dao De Jing,Tao Te Ching,Stone Stamp,Chinese Seal,Oriental Calligraphy,Asian Art,Japanese Art,Japanese Name Seal,Seal Carving,Tao Te King,Japanese Inkan,Stone Carved Chop,Chinese Engraving,Personalized Gifts,Gifts",Hungary,,False,False,False,AnnaVladiArt,https://www.etsy.com/listing/784969973/tao-te-ching-wears-haircloth-on-top-but,Upgrade Pro to Unlock
Custom Square Japanese Stamp with Address ,Paper & Party Supplies,65,0,0,0,0,37,0,"Japanese Seal,Hanko Stamp,Japanese Name Stamp,Japanese Hanko,Japanese Chop,Japanese Name Seal,Custom Stamp,Custom Seal,Name Stamp,Name Seal,Address Stamp,Inkan,Hanko Seal,Gifts for Friends,Personalized Gifts",United States,,False,False,False,AzamiPress,https://www.etsy.com/listing/110955630/custom-square-japanese-stamp-with,Upgrade Pro to Unlock
Japanese Calligraphy Rubber Stamp Hanko Seal ,Craft Supplies & Tools,8.05,0,0,0,0,23,0,"Rubber Stamp,Hanko,Epsteam,Japanese Vintage,Seal,Chop,Inkan,Yinni,Calligraphy Stamp,Calligraphy,Yin,New Year Greeting's,Japanese Chop Seal,Personalized Gifts",Philippines,2020-04-20,False,False,False,PaulsJunkCloset,https://www.etsy.com/listing/797743709/japanese-calligraphy-rubber-stamp-hanko,Upgrade Pro to Unlock
Japanese Name Stamp Name Seal Kamogawa leather case with wooden Hanko 12mmJapanese Stationery ,Craft Supplies & Tools,55.5,0,0,0,0,3,0,"Stamp,Name Stamp,Japanese Stamp,Name Seal,Custom Made,Custom Stamp,Chinese Characters,Made to Order,Custom Stamps,Case Surface Cloth",Japan,,False,False,False,1000dou,https://www.etsy.com/listing/1649575666/japanese-name-stamp-name-seal-kamogawa,Upgrade Pro to Unlock
